Fold,Test_Cell,Test_Samples,MAE (cycles),RMSE (cycles),R2
1,Cell1,78,458.20512820512823,552.6931151074523,0.9484464959143666
2,Cell7,77,1297.1688311688313,1598.7547711208929,0.558317943345547
3,Cell3,76,356.69736842105266,486.955674520144,0.9594972673258426
4,Cell8,76,705.2697368421053,944.557340281122,0.8423727412096169
5,Cell2,73,417.56164383561645,554.8820558374643,0.9413297876988937
6,Cell4,47,2155.978723404255,2185.559982286053,-1.1548707509812814
7,Cell5,46,989.2717391304348,1056.7447786357466,0.4712570883708024
8,Cell6,46,480.8478260869565,598.480748664265,0.830408255743442
Average,-,519,857.6251246367975,997.3285583066425,0.5495948535784037
