Feature,Feature_Value,SHAP_Value,Absolute_SHAP
discharge_duration_s,3543.4367649257183,11.351006111746686,11.351006111746686
cycle,0.0,1.2374936543637942,1.2374936543637942
initial_voltage_V,4.1922407,-0.0693286380093103,0.0693286380093103
min_temperature_C,40.475449,0.007883856115597849,0.007883856115597849
initial_temperature_C,40.612656,0.007757760920716911,0.007757760920716911
temperature_rise_C,1.3472969999999975,-0.005023548520770443,0.005023548520770443
mean_voltage_V,3.7355735516502118,0.0038429046865006036,0.0038429046865006036
max_temperature_C,41.959953,-0.003240566121049749,0.003240566121049749
final_voltage_V,2.6998887,-0.0014218608478805599,0.0014218608478805599
final_temperature_C,41.685497,-0.0004142925401340703,0.0004142925401340703
