cell,cycle,capacity_mAh,SOH_percent,initial_voltage_V,final_voltage_V,min_voltage_V,max_voltage_V,mean_voltage_V,initial_temperature_C,final_temperature_C,min_temperature_C,max_temperature_C,temperature_rise_C,discharge_duration_s
Cell1,0,739.1109210621779,100.0,4.1912351,2.6998193,2.6998193,4.1912351,3.7350762212583146,40.026463,40.937637,39.901646,41.174809,1.1483460000000036,3606.3301473855972
Cell1,100,730.1929494056872,98.79341903869114,4.1926785,2.6998594,2.6998594,4.1926785,3.7356805096774193,39.964054,40.787846,39.801758,41.124866,1.160812,3563.54404874146
Cell1,200,725.7467375962049,98.19185685326265,4.1929593,2.7000198,2.7000198,4.1929593,3.7364243172121894,39.914112,40.80035,39.814266,41.1124,1.198287999999998,3542.1407349407673
Cell1,300,722.8431973239306,97.79901456267633,4.192502,2.6999636,2.6999636,4.192502,3.736473817903683,39.926579,40.737942,39.789291,41.124866,1.1982870000000005,3528.063764423132
Cell1,400,718.3668958430143,97.1933813142211,4.1927824,2.7001641,2.7001641,4.1927824,3.7376955802965495,39.876675,40.762875,39.789291,41.124866,1.2481909999999985,3505.8897145092487
Cell1,500,714.9787006955092,96.73496633874815,4.1929832,2.6998432,2.6998432,4.1929832,3.7380264149813804,39.901646,40.850254,39.801758,41.124866,1.2232199999999978,3489.7134091705084
Cell1,600,711.6204053941345,96.28059674337693,4.1929431,2.6999636,2.6999636,4.1929431,3.738322718618705,39.814266,40.787846,39.776787,41.087425,1.2731589999999997,3473.900831490755
Cell1,700,709.5321170323996,95.99805615275302,4.1923819,2.7002044,2.7002044,4.1923819,3.738288945151954,39.901646,40.825283,39.814266,41.174809,1.2731630000000038,3453.594956919551
Cell1,800,705.8480111354505,95.49960513654362,4.1927028,2.7002444,2.7002444,4.1927028,3.7388838780622637,39.964054,40.875229,39.801758,41.174809,1.210755000000006,3435.6123950332403
Cell1,900,702.5449768529222,95.05271222934893,4.1927428,2.700084,2.700084,4.1927428,3.7392403858520904,39.914112,40.887695,39.8517,41.212246,1.2981339999999975,3419.680304825306
Cell1,1000,699.4156477527364,94.6293212320019,4.1925821,2.6999238,2.6999238,4.1925821,3.7395246271285965,39.901646,40.825283,39.839233,41.174809,1.2731630000000038,3404.668738692999
Cell1,1100,696.2835912151658,94.20556121867813,4.192502,2.6998034,2.6998034,4.192502,3.739851762518431,40.026463,40.887695,39.876675,41.262188,1.2357250000000022,3389.4352667033672
Cell1,1200,693.2672854322545,93.79746201503268,4.192462,2.6999238,2.6999238,4.192462,3.7402309427428913,39.964054,40.850254,39.8517,41.212246,1.248192000000003,3374.807343631983
Cell1,1300,690.3687943593548,93.40530286945622,4.1925821,2.7000439,2.7000439,4.1925821,3.7403440400654375,39.95155,40.912663,39.876675,41.187275,1.2357250000000022,3360.6548454612494
Cell1,1400,687.6192406848993,93.03329460978877,4.1921811,2.6999638,2.6999638,4.1921811,3.7404744912809793,39.939083,40.875229,39.864166,41.19978,1.2606970000000004,3347.313306480646
Cell1,1600,681.8263154580586,92.24952521039799,4.1921754,2.700078,2.700078,4.1921754,3.7412893832530125,0.52020228,0.52169186,0.52003038,0.52218843,0.00198615000000002,3318.777160719037
Cell1,1800,675.8871270316637,91.44596673802964,4.1914935,2.6999977,2.6999977,4.1914935,3.7415144606502584,39.976521,40.950142,39.876675,41.312096,1.3355749999999986,3289.6823577582836
Cell1,1900,672.743285643124,91.0206122615971,4.1912713,2.7002168,2.7002168,4.1912713,3.741878111050061,39.839233,40.875229,39.776787,41.262188,1.4229550000000017,3274.7545670717955
Cell1,2000,669.7317983178508,90.61316498413767,4.191412,2.7001567,2.7001567,4.191412,3.74182866385653,39.789291,40.812817,39.714378,41.174809,1.3855180000000047,3260.2855648845434
Cell1,2100,667.4184829442038,90.30017875869771,4.1919732,2.7000365,2.7000365,4.1919732,3.742031670153846,39.901646,40.887695,39.789291,41.212246,1.3106000000000009,3248.7676329910755
Cell1,2200,663.9526202195469,89.83125553947697,4.1909199,2.700186,2.700186,4.1909199,3.742237545485467,39.889141,40.862762,39.801758,41.249683,1.3605419999999953,3232.060159742832
Cell1,2300,661.4396086354981,89.49125087814178,4.1914811,2.700146,2.700146,4.1914811,3.742374365259236,39.988987,40.975075,39.826733,41.299629,1.3106420000000014,3219.606666639447
Cell1,2400,658.2324497447104,89.05732968994195,4.1907272,2.6999531,2.6999531,4.1907272,3.742677382189645,39.988987,40.975075,39.8517,41.362038,1.3730509999999967,3204.172360897064
Cell1,2500,656.3019662937012,88.79613973915149,4.1912084,2.7001135,2.7001135,4.1912084,3.742594369680851,39.964054,41.037483,39.914112,41.337067,1.3730130000000003,3194.5486955344677
Cell1,2600,652.7810452742547,88.31976725985075,4.1903305,2.7001178,2.7001178,4.1903305,3.7433234485372755,40.026463,41.149837,39.939083,41.411942,1.3854790000000037,3177.5213588029146
Cell1,2700,651.274269703515,88.11590400633877,4.1911726,2.6999974,2.6999974,4.1911726,3.7426688089848676,40.026463,41.037483,39.889141,41.312096,1.2856329999999971,3170.148727297783
Cell1,2800,648.8501025188361,87.7879197869749,4.1908917,2.6998773,2.6998773,4.1908917,3.7428102753481007,39.976521,41.099892,39.926579,41.374504,1.3979830000000035,3158.3328891545534
Cell1,2900,645.0218397585212,87.2699646802078,4.1902499,2.6999574,2.6999574,4.1902499,3.743819211461318,39.964054,40.925171,39.826733,41.3246,1.3605459999999994,3139.885564148426
Cell1,3000,644.1689847636143,87.1545753698075,4.1908517,2.6999574,2.6999574,4.1908517,3.7435152985655082,40.026463,41.099892,39.964054,41.424446,1.3979830000000035,3135.4661654680967
Cell1,3100,642.0891597582703,86.8731798517498,4.1905308,2.6999574,2.6999574,4.1905308,3.74304625001599,40.026463,41.137371,39.901646,41.411942,1.3854790000000037,3125.5411338061094
Cell1,3200,638.7729233128966,86.424500722424,4.1899695,2.6999974,2.6999974,4.1899695,3.743688392928319,40.013962,41.099892,39.876675,41.374504,1.3605420000000024,3109.4149589538574
Cell1,3300,637.8192441609972,86.29547013652372,4.1902905,2.7000377,2.7000377,4.1902905,3.743018325434643,39.988987,40.937637,39.889141,41.299629,1.3106420000000014,3104.9326054751873
Cell1,3500,632.2030179733683,85.53560770889814,4.1891098,2.7001004,2.7001004,4.1891098,3.745066382884053,39.689445,40.862762,39.614529,41.162304,1.4728589999999997,3077.8843615204096
Cell1,3600,631.7444982024535,85.4735710432437,4.1906738,2.7000604,2.7000604,4.1906738,3.7448143585310367,39.826733,40.862762,39.751854,41.187275,1.3605420000000024,3075.547842308879
Cell1,3700,629.5202834064332,85.17263992010133,4.1906338,2.7001407,2.7001407,4.1906338,3.7450797408349636,39.914112,41.736496,39.776787,41.761467,1.8473550000000003,3064.712817594409
Cell1,3800,625.4908168324312,84.62746240219762,4.1892705,2.7000203,2.7000203,4.1892705,3.7467241263296125,39.901646,41.01255,39.8517,41.349533,1.4478870000000015,3044.9579659849405
Cell1,3900,625.2583088284471,84.5960046064381,4.1904335,2.7000203,2.7000203,4.1904335,3.7456788158292276,39.976521,41.000046,39.839233,41.337067,1.3605459999999994,3043.8138864934444
Cell1,4000,623.5531647570597,84.36530255309313,4.1900325,2.6998999,2.6998999,4.1900325,3.745202498946328,39.964054,41.1124,39.914112,41.399475,1.4354210000000052,3035.3922564536333
Cell1,4100,620.4774481988763,83.94916520881424,4.1888294,2.6999803,2.6999803,4.1888294,3.7457507333884847,39.976521,41.137371,39.889141,41.349533,1.3730120000000028,3020.406560227275
Cell1,4200,619.5186640586243,83.81944392978427,4.1889644,2.6998746,2.6998746,4.1889644,3.7449785352336753,40.038929,41.074959,39.889141,41.337067,1.2981379999999945,3015.986366942525
Cell1,4300,617.6078318476868,83.56091274637389,4.1890845,2.699995,2.699995,4.1890845,3.7442331386635637,39.939083,41.01255,39.876675,41.312096,1.3730130000000003,3006.5645311027765
Cell1,4400,615.7261856172588,83.30633035869602,4.1890445,2.7001956,2.7001956,4.1890445,3.743838164254752,39.964054,41.000046,39.889141,41.312096,1.3480419999999995,2997.3973106592894
Cell1,4500,612.7444427379218,82.90290743605105,4.1876011,2.7001154,2.7001154,4.1876011,3.744812294436997,39.939083,41.087425,39.826733,41.299629,1.3605460000000065,2982.8597612679005
Cell1,4600,612.349611637397,82.84948770035598,4.1886034,2.7001956,2.7001956,4.1886034,3.743229158699296,39.939083,41.062458,39.814266,41.237221,1.2981380000000016,2981.085952743888
Cell1,4800,608.8768448422716,82.37963037635181,4.1880417,2.7000346,2.7000346,4.1880417,3.7430926746797035,39.914112,41.087425,39.8517,41.274654,1.3605419999999953,2964.1375936567783
Cell1,5000,604.2869401481527,81.75862687561572,4.1868477,2.6999638,2.6999638,4.1868477,3.7426474184782608,39.914112,41.01255,39.789291,41.237221,1.3231089999999952,2942.1113703399897
Cell1,5100,603.2069763171048,81.612510264391,4.1875696,2.6998434,2.6998434,4.1875696,3.7424525989448605,39.901646,41.037483,39.826733,41.19978,1.2981339999999975,2936.715815216303
Cell1,5200,599.8239008415256,81.15478796870129,4.1864986,2.7001359,2.7001359,4.1864986,3.7461686148186173,40.176216,41.374504,40.101341,41.524292,1.348076000000006,2920.5457661300898
Cell1,5300,599.8621534882067,81.15996346341946,4.1877818,2.7002161,2.7002161,4.1877818,3.7438703691991786,40.176216,41.312096,40.113808,41.499325,1.3231090000000023,2920.514625683427
Cell1,5400,598.158701601549,80.92949035875885,4.187541,2.7000957,2.7000957,4.187541,3.743461799588195,40.188721,41.312096,40.101341,41.486858,1.298136999999997,2912.368632853031
Cell1,5500,594.2801484523485,80.40473107856494,4.1858168,2.6999755,2.6999755,4.1858168,3.745942169810017,40.263599,41.387009,40.188721,41.611675,1.348075999999999,2893.270969390869
Cell1,5600,594.4675726175096,80.43008913509206,4.1870198,2.7000556,2.7000556,4.1870198,3.7433909733080113,40.28857,41.349533,40.16375,41.524292,1.2357220000000027,2894.293062016368
Cell1,5700,592.857351306983,80.21222991198485,4.18714,2.7000155,2.7000155,4.18714,3.7431510420013856,40.251133,41.387009,40.201187,41.599209,1.348075999999999,2886.456874385476
Cell1,5800,590.4253670448167,79.88318806009727,4.1853757,2.6997349,2.6997349,4.1853757,3.7434535819541033,40.276104,41.436913,40.213692,41.599209,1.3231050000000053,2874.482759088278
Cell1,5900,589.4471143131173,79.75083272562412,4.1865387,2.699775,2.699775,4.1865387,3.7428177745733198,40.251133,41.399475,40.176216,41.574238,1.3231049999999982,2869.8836892843246
Cell1,6000,588.1173065952115,79.57091281373935,4.1865788,2.6998951,2.6998951,4.1865788,3.7424068148691094,40.213692,41.374504,40.16375,41.561733,1.348040999999995,2863.4109020233154
Cell1,6100,585.5603691386312,79.22496508333569,4.1843314,2.7000136,2.7000136,4.1843314,3.7438984266736774,40.338512,41.474392,40.213692,41.624142,1.2856299999999976,2851.13336853683
Cell1,6200,585.7463794615072,79.25013185026813,4.1862559,2.7002141,2.7002141,4.1862559,3.742171771784087,40.251133,41.387009,40.176216,41.574238,1.3231049999999982,2851.9239094108343
Cell1,6300,584.1518310216064,79.03439313034647,4.1860957,2.6997731,2.6997731,4.1860957,3.7415346047435,40.238625,41.387009,40.201187,41.5368,1.2981750000000005,2844.256731122732
Cell1,6400,581.2757619596863,78.6452676310524,4.1837697,2.6997731,2.6997731,4.1837697,3.7445003663723067,40.263599,41.524292,40.263599,41.636646,1.3730469999999997,2829.9699649214745
Cell1,6500,581.6547783101196,78.69654766759801,4.1857748,2.6998935,2.6998935,4.1857748,3.7414235827099507,40.251133,41.449417,40.213692,41.611675,1.3605419999999953,2832.082737609744
Cell1,6600,580.0334389678039,78.47718420047651,4.1856146,2.6998532,2.6998532,4.1856146,3.741068585527246,40.301033,41.399475,40.201187,41.586704,1.2856710000000007,2824.2541540414095
Cell1,6700,577.6338801898363,78.15252944168616,4.1837311,2.699935,2.699935,4.1837311,3.747703740227434,40.263599,41.399475,40.126312,41.586704,1.3231049999999982,2812.692368030548
Cell1,6800,577.5893924134589,78.14651034832552,4.185977,2.7000153,2.7000153,4.185977,3.743337786389481,40.238625,41.436913,40.151283,41.586704,1.3480789999999985,2812.4129690229893
Cell1,6900,576.416770813853,77.98785735508862,4.1858969,2.7001758,2.7001758,4.1858969,3.742773966631054,40.226158,41.362038,40.213692,41.586704,1.3605459999999994,2806.68898075819
Cell1,7000,573.0979789577467,77.53883248459465,4.18329,2.7000954,2.7000954,4.18329,3.7465424418338107,40.238625,41.499325,40.16375,41.561733,1.3231079999999977,2790.545767173171
Cell1,7100,573.0979789577467,77.53883248459465,4.18329,2.7000954,2.7000954,4.18329,3.7465424418338107,40.238625,41.499325,40.16375,41.561733,1.3231079999999977,2790.545767173171
Cell1,7200,574.9714659926825,77.79231095197319,4.1897063,2.6998549,2.6998549,4.1897063,3.7428722781506605,40.276104,41.461884,40.213692,41.574238,1.2981340000000046,2799.6925693005323
Cell1,7300,572.0375640082297,77.3953607918759,4.185576,2.7001355,2.7001355,4.185576,3.7411146043415857,40.213692,41.449417,40.213692,41.574238,1.3605459999999994,2785.3161938488483
Cell1,7400,570.436583787218,77.17875186682971,4.1852951,2.7001355,2.7001355,4.1852951,3.740624219647355,40.263599,41.511826,40.201187,41.586704,1.3231049999999982,2777.6170302182436
Cell1,7500,568.267859513994,76.88532848321806,4.1831069,2.699832,2.699832,4.1831069,3.741631014631503,40.313541,41.449417,40.213692,41.624142,1.3106009999999984,2766.965166851878
Cell1,7600,567.7929103307428,76.82106895603252,4.1849117,2.7001929,2.7001929,4.1849117,3.739830421113521,40.350979,41.349533,40.201187,41.499325,1.1483459999999965,2764.6908279508352
Cell1,7700,566.7532309264086,76.68040273467022,4.1847911,2.6997919,2.6997919,4.1847911,3.739349720608475,40.363483,41.374504,40.251133,41.499325,1.1358419999999967,2759.5988519489765
Cell1,7800,564.2265724626601,76.33855168204103,4.182024,2.7000725,2.7000725,4.182024,3.740730690942161,40.238625,41.411942,40.213692,41.499325,1.2607,2747.1667628735304
Cell1,7900,564.3176975749817,76.3508806992054,4.1844702,2.6999924,2.6999924,4.1844702,3.738615056202255,40.276104,41.374504,40.201187,41.486858,1.2107540000000014,2747.76824824512
Cell1,8000,563.0464545433011,76.1788844540608,4.1842299,2.7000725,2.7000725,4.1842299,3.738134389609917,40.276104,41.374504,40.201187,41.474392,1.1982880000000051,2741.670685261488
Cell1,8100,560.0135969052836,75.7685458226604,4.1815829,2.7001529,2.7001529,4.1815829,3.7413366590542525,40.276104,41.549267,40.226158,41.611675,1.3355710000000016,2726.6395658254623
Cell1,8200,560.6495828680589,75.854593254061,4.1838288,2.6999924,2.6999924,4.1838288,3.7374783565885794,40.263599,41.374504,40.16375,41.436913,1.1733139999999977,2730.0520699471235
Cell2,0,734.8189656975843,100.0,4.1896338,2.699652,2.699652,4.1896338,3.734724948686417,40.110729,40.946712,39.998455,41.233673,1.122944000000004,3576.775560155511
Cell2,100,726.6220579061855,98.88449969665423,4.1918783,2.6999323,2.6999323,4.1918783,3.7363482116699633,39.948551,40.884304,39.886139,41.183769,1.2352179999999962,3537.196686118841
Cell2,200,722.1571400208163,98.27687821520125,4.1924796,2.6999323,2.6999323,4.1924796,3.737390495166335,39.936085,40.909275,39.886139,41.158836,1.2227510000000024,3515.669172629714
Cell2,300,719.2156200035366,97.87657281283765,4.1920938,2.7001479,2.7001479,4.1920938,3.737397836682843,39.998455,40.884304,39.886139,41.258644,1.260188999999997,3501.0813519358635
Cell2,400,714.5823074647996,97.24603484974376,4.1924543,2.7000675,2.7000675,4.1924543,3.73865225612069,39.97348,40.934246,39.886139,41.196236,1.2227559999999968,3478.7271481007338
Cell2,500,711.1216758331502,96.77508461666642,4.1927352,2.7000275,2.7000275,4.1927352,3.7389033426097,39.936085,40.934246,39.873672,41.183769,1.2476839999999996,3462.128445133567
Cell2,600,708.0616104027846,96.35864661312897,4.1925344,2.7001479,2.7001479,4.1925344,3.7391747736445344,39.92358,40.934246,39.861206,41.171303,1.2477230000000006,3447.3192617297173
Cell2,700,705.4509534216545,96.00336768008567,4.1922646,2.6998377,2.6998377,4.1922646,3.739185263133372,39.948551,40.946712,39.823772,41.258644,1.3100929999999948,3432.233354821801
Cell2,800,701.9102314870742,95.52151812259378,4.1926255,2.7002387,2.7002387,4.1926255,3.7397095282704123,39.998455,40.896809,39.84874,41.233673,1.2352180000000033,3415.117032453418
Cell2,900,699.2549903478053,95.16017182327118,4.1927457,2.6999981,2.6999981,4.1927457,3.7399610715334903,39.92358,40.934246,39.886139,41.233673,1.310093000000002,3402.267725765705
Cell2,1000,696.6637550136685,94.80753594217673,4.1926656,2.6999981,2.6999981,4.1926656,3.7403109151577705,39.961014,40.809467,39.84874,41.196236,1.2352220000000003,3389.7319559007883
Cell2,1100,693.9847933360154,94.44296156362759,4.1925454,2.699918,2.699918,4.1925454,3.740614720870338,39.92358,40.984154,39.911114,41.258644,1.3350639999999956,3376.775759831071
Cell2,1200,691.2011130181581,94.06413624095582,4.1927857,2.6999981,2.6999981,4.1927857,3.7407198246656757,39.97348,40.934246,39.873672,41.24614,1.2726599999999948,3363.325460627675
Cell2,1300,688.2824454375678,93.6669407796466,4.1925054,2.7000782,2.7000782,4.1925054,3.740737267830498,39.961014,40.884304,39.861206,41.233673,1.2726590000000044,3349.162944406271
Cell2,1400,685.4468687684393,93.28105298938839,4.1923046,2.7001183,2.7001183,4.1923046,3.740922772370393,40.010921,40.909275,39.84874,41.24614,1.2352189999999936,3335.408553108573
Cell2,1600,679.5110214082981,92.47325574445662,4.1910191,2.6999547,2.6999547,4.1910191,3.740926314752116,40.048359,41.096428,39.898647,41.408356,1.359997,3306.0645561665297
Cell2,1800,674.0054456104837,91.72401327048375,4.1909385,2.6999147,2.6999147,4.1909385,3.741050950289546,40.048359,41.034054,39.92358,41.383389,1.3350300000000033,3279.3429650366306
Cell2,1900,670.6497832609933,91.26734809087658,4.1902008,2.7001791,2.7001791,4.1902008,3.7410919916079637,39.92358,40.971645,39.798798,41.370922,1.447341999999999,3263.019758462906
Cell2,2000,667.3525808571167,90.81863860489503,4.1901655,2.6998632,2.6998632,4.1901655,3.7412424195136964,39.861206,40.946712,39.761398,41.296082,1.4348759999999956,3247.0173608511686
Cell2,2100,665.2355876842753,90.5305413630347,4.1910877,2.7001038,2.7001038,4.1910877,3.7416881036751075,39.92358,41.04652,39.84874,41.345989,1.4224090000000018,3236.841445416212
Cell2,2200,661.5433404840155,90.02807104413722,4.1900196,2.7000377,2.7000377,4.1900196,3.74182640704969,39.97348,40.99662,39.823772,41.383389,1.409908999999999,3218.7835570424795
Cell2,2300,659.7519802009176,89.784288511742,4.1909413,2.7000377,2.7000377,4.1909413,3.7417249648194275,39.97348,41.083961,39.886139,41.395889,1.4224089999999947,3210.1344790309668
Cell2,2400,656.2873914063993,89.31279975651788,4.190115,2.7001731,2.7001731,4.190115,3.7421034434428795,40.035892,41.096428,39.898647,41.420822,1.3849300000000042,3193.1903645396233
Cell2,2500,654.6501051945633,89.08998484723179,4.1911569,2.6999326,2.6999326,4.1911569,3.7420992084405396,40.07333,41.071495,39.873672,41.458263,1.3849330000000037,3185.3323101997375
Cell2,2600,650.3893528573778,88.51014783484051,4.189045,2.7001457,2.7001457,4.189045,3.7423109418825016,40.048359,41.171303,39.911114,41.495701,1.447341999999999,3164.4575592130423
Cell2,2700,649.6653133077699,88.41161478338061,4.1902876,2.7000253,2.7000253,4.1902876,3.741924070218147,39.998455,41.071495,39.873672,41.433331,1.4348760000000027,3161.0595289617777
Cell2,2800,647.1329168947415,88.06698616990649,4.1902876,2.7000253,2.7000253,4.1902876,3.7421319950158725,39.998455,41.133865,39.911114,41.433331,1.4348760000000027,3148.7548984587193
Cell2,2900,642.1348249865453,87.38680613352822,4.1884842,2.7000654,2.7000654,4.1884842,3.742777786756238,39.961014,41.083961,39.811306,41.420822,1.4598080000000024,3124.4575649499893
Cell2,3000,641.7052831471693,87.32835066906316,4.1899672,2.6998651,2.6998651,4.1899672,3.7428340084507044,40.110729,41.146332,39.92358,41.47073,1.360001000000004,3122.3301876336336
Cell2,3100,638.9952205493706,86.9595438303303,4.1897264,2.7001057,2.7001057,4.1897264,3.742496210318226,39.948551,41.183769,39.898647,41.458263,1.5097120000000004,3109.181958809495
Cell2,3200,634.9703545346578,86.41180810185847,4.1882434,2.7000253,2.7000253,4.1882434,3.743120599061793,40.048359,41.108894,39.886139,41.495701,1.447341999999999,3089.5747628062963
Cell2,3300,634.2086228227167,86.30814560163735,4.1892457,2.7000253,2.7000253,4.1892457,3.7428765277939746,40.023388,41.058987,39.886139,41.420822,1.397434000000004,3085.954635590315
Cell2,3500,627.7048777025079,85.42306431987777,4.1872678,2.6999314,2.6999314,4.1872678,3.744556815445026,39.674057,41.133865,39.649086,41.321014,1.6469570000000004,3054.2515587061644
Cell2,3600,628.1200744890406,85.47956759563881,4.1893921,2.7000515,2.7000515,4.1893921,3.7447224493132762,39.873672,41.096428,39.773865,41.333481,1.459809,3056.3992638140917
Cell2,3700,626.1354826394687,85.20948857723897,4.1895924,2.6996908,2.6996908,4.1895924,3.7450205639763783,39.92358,41.932411,39.798798,41.994781,2.071201000000002,3046.7258501797915
Cell2,3800,621.1583132684733,84.53215584586746,4.1875482,2.6999314,2.6999314,4.1875482,3.7462032114417996,39.948551,41.146332,39.811306,41.420822,1.4722709999999992,3022.4153604358435
Cell2,3900,621.4628930235764,84.57360547758918,4.1892719,2.7000916,2.7000916,4.1892719,3.745827006876033,39.911114,41.108894,39.84874,41.395889,1.484774999999999,3023.965100571513
Cell2,4000,619.5183548363003,84.308977279618,4.188911,2.7000115,2.7000115,4.188911,3.745396382592838,39.936085,41.20874,39.873672,41.420822,1.4847370000000026,3014.485087618232
Cell2,4100,615.5350095355564,83.76689201961625,4.1874681,2.6998913,2.6998913,4.1874681,3.7457423562562564,39.936085,41.171303,39.836239,41.408356,1.4722709999999992,2995.054967701435
Cell2,4200,614.8821184840259,83.67804142076015,4.1879902,2.6999724,2.6999724,4.1879902,3.7453312916137653,39.886139,41.171303,39.873672,41.395889,1.5097499999999968,2991.8401692062616
Cell2,4300,612.8973459219055,83.40793780956169,4.1884708,2.7000124,2.7000124,4.1884708,3.7446850448056304,40.035892,41.158836,39.823772,41.345989,1.310097000000006,2982.2917599231005
Cell2,4400,610.9128049558445,83.13786571579406,4.1879902,2.6999724,2.6999724,4.1879902,3.744542099798252,39.911114,41.171303,39.861206,41.345989,1.4348750000000052,2972.6561453193426
Cell2,4500,607.28245491411,82.64381885374988,4.1860662,2.7000926,2.7000926,4.1860662,3.7454069855548036,39.886139,41.108894,39.836239,41.383389,1.497250000000001,2954.932966455817
Cell2,4600,606.9661398070712,82.60077218214708,4.1875491,2.699852,2.699852,4.1875491,3.7443915983417937,39.886139,41.121399,39.823772,41.296082,1.4099429999999984,2953.474998101592
Cell2,4800,603.2893260278694,82.10040216574293,4.1875157,2.6998186,2.6998186,4.1875157,3.744344910010214,39.92358,41.196236,39.873672,41.321014,1.397433999999997,2935.5954129248857
Cell2,5000,565.6961522931484,76.98442455906363,4.1616712,2.7001085,2.7001085,4.1616712,3.720027082788671,39.911114,41.420822,39.811306,41.420822,1.5097080000000034,2752.6801709085703
Cell2,5100,577.9189479132826,78.64779964744758,4.1748586,2.699908,2.699908,4.1748586,3.723112667164179,39.84874,41.395889,39.773865,41.420822,1.5720820000000018,2812.2671641409397
Cell2,5200,575.4802012975294,78.3159156420534,4.1714859,2.7000628,2.7000628,4.1714859,3.726550581263383,40.098263,41.68285,40.010921,41.720291,1.6220280000000002,2800.3697734326124
Cell2,5300,580.878875800554,79.0506101389353,4.1780195,2.6999424,2.6999424,4.1780195,3.725174959618105,40.07333,41.607975,39.961014,41.607975,1.5346450000000047,2826.7119459807873
Cell2,5400,581.026022733551,79.0706350620614,4.1786609,2.7001429,2.7001429,4.1786609,3.725124242806645,40.07333,41.583042,40.023388,41.607975,1.5346450000000047,2827.4685502052307
Cell2,5500,575.9512937736342,78.38002564711533,4.1758952,2.7000628,2.7000628,4.1758952,3.7287732057417977,40.085796,41.732754,40.035892,41.782658,1.6968619999999959,2802.703768014908
Cell2,5600,578.8701634543729,78.77724861181763,4.1796227,2.7000227,2.7000227,4.1796227,3.726406030553584,40.110729,41.632946,40.023388,41.657917,1.5471879999999985,2816.939166560769
Cell2,5700,578.0391777470296,78.66416147796087,4.1801038,2.6999824,2.6999824,4.1801038,3.7261847305614784,40.07333,41.595509,40.023388,41.670383,1.5970530000000025,2812.9225820302963
Cell2,5800,575.294154472195,78.29059691267659,4.1775784,2.6998622,2.6998622,4.1775784,3.725780064905391,40.123234,41.670383,40.060825,41.732754,1.6095200000000034,2799.5353683829308
Cell2,5900,574.6726428197767,78.20601667163338,4.1799836,2.7000227,2.7000227,4.1799836,3.7257279005718367,40.123234,41.68285,40.023388,41.68285,1.5596160000000054,2796.532578393817
Cell2,6000,573.0003167713386,77.9784332631335,4.1800237,2.7001028,2.7001028,4.1800237,3.725514870322581,40.085796,41.607975,39.961014,41.645412,1.5596159999999983,2788.4132098406553
Cell2,6100,567.463746839281,77.22497286125049,4.1764288,2.699995,2.699995,4.1764288,3.7273301254071662,40.123234,41.795166,40.048359,41.832565,1.709331000000006,2761.359564587474
Cell2,6200,570.4755641019322,77.63484487098992,4.179956,2.7000754,2.7000754,4.179956,3.725548339704824,40.148167,41.707825,40.07333,41.707825,1.5596579999999989,2776.106809079647
Cell2,6300,568.8010284364556,77.40696076025702,4.1802769,2.7001555,2.7001555,4.1802769,3.7254754990971475,40.035892,41.558071,40.023388,41.607975,1.5720830000000063,2767.9844431579113
Cell2,6400,562.7251821399774,76.5801113483464,4.1767492,2.6998749,2.6998749,4.1767492,3.7287573009489052,40.160633,41.857533,40.048359,41.882507,1.7218739999999997,2738.3191645145416
Cell2,6500,565.7941735212776,76.9977640661674,4.1798759,2.699955,2.699955,4.1798759,3.7254905110707806,40.1357,41.707825,40.098263,41.74522,1.6095200000000034,2753.3408291637897
Cell2,6600,563.8357095455017,76.73124073631341,4.179996,2.7002356,2.7002356,4.179996,3.7254131210200363,40.110729,41.583042,40.098263,41.607975,1.497246000000004,2743.90207529068
Cell2,6700,561.4334759774204,76.40432571639407,4.1719518,2.7000074,2.7000074,4.1719518,3.729484167264082,40.110729,41.782658,40.048359,41.832565,1.7218360000000033,2732.053769007325
Cell2,6800,564.0030095218641,76.75400824561464,4.1805296,2.7000475,2.7000475,4.1805296,3.7274463357611074,40.123234,41.68285,40.085796,41.74522,1.6219860000000068,2744.6766436100006
Cell2,6900,562.1277485994194,76.4988078479678,4.1806498,2.6998072,2.6998072,4.1806498,3.7267203293021556,40.123234,41.707825,40.110729,41.707825,1.5845910000000032,2735.6104888021946
Cell2,7000,556.2119202810296,75.69373495320743,4.177844,2.6999273,2.6999273,4.177844,3.732866242577548,40.085796,41.770191,40.048359,41.882507,1.7967109999999948,2706.7365657538176
Cell2,7100,556.3346788557027,75.7104409148665,4.177804,2.7000074,2.7000074,4.177804,3.7274406150609076,40.235508,41.695316,40.110729,41.732754,1.497245999999997,2707.616565003991
Cell2,7200,556.887525681366,75.78567670102214,4.1802492,2.7000475,2.7000475,4.1802492,3.7253725194321534,40.173141,41.720291,40.085796,41.757725,1.5845839999999995,2710.0442826747894
Cell2,7300,557.1166198494262,75.81685365463312,4.1798482,2.7002881,2.7002881,4.1798482,3.723404574050866,40.148167,41.670383,40.098263,41.720291,1.5721240000000023,2711.2063262611628
Cell2,7400,501.4350458651225,68.23926290322353,4.1483026,2.7000475,2.7000475,4.1483026,3.6973829522932027,40.1357,41.607975,40.085796,41.68285,1.547150000000002,2440.302173048258
Cell2,7500,562.233702061415,76.51322683644545,4.1789665,2.6998472,2.6998472,4.1789665,3.7174437858655955,40.085796,41.545605,40.048359,41.62048,1.5346839999999986,2736.1862551420927
Cell2,7600,558.6320678634678,76.02308785445442,4.1787658,2.6999273,2.6999273,4.1787658,3.718104487095588,40.1357,41.632946,40.060825,41.632946,1.497245999999997,2718.6341173946857
Cell2,7700,544.914770679986,74.15632912559396,4.1673021,2.7002881,2.7002881,4.1673021,3.7090790116094987,40.223042,41.807632,40.110729,41.807632,1.5845899999999986,2651.76436342299
Cell3,0,735.119595112905,100.0,4.1914511,2.6998932,2.6998932,4.1914511,3.734807433444816,40.084942,40.559284,39.985092,40.821388,0.7364460000000008,3586.116959899664
Cell3,100,726.6872270437656,98.85292568376656,4.1924539,2.6999333,2.6999333,4.1924539,3.7355135601353253,39.947655,40.571751,39.897713,40.771484,0.8238290000000035,3545.7776594907045
Cell3,200,722.7328355075854,98.31500075801718,4.192574,2.7000134,2.7000134,4.192574,3.736126105102041,40.02253,40.571751,39.910179,40.783951,0.7614209999999986,3526.5503648668528
Cell3,300,720.2066836195169,97.9713625384863,4.1921415,2.6997411,2.6997411,4.1921415,3.736152810327169,39.960121,40.596722,39.897713,40.808922,0.8488010000000017,3513.6659547686577
Cell3,400,716.0503279000582,97.40596396292251,4.1927829,2.6999819,2.6999819,4.1927829,3.7370155810872676,39.972588,40.546776,39.885246,40.821388,0.8487999999999971,3493.8519302755594
Cell3,500,713.0840304729683,97.00245173895108,4.1929436,2.7001824,2.7001824,4.1929436,3.7372873486641773,39.947655,40.546776,39.910179,40.808922,0.8612670000000051,3479.8320204019547
Cell3,600,710.0583119725138,96.590856330453,4.1929035,2.7002225,2.7002225,4.1929035,3.73735923054514,39.960121,40.509342,39.885246,40.75898,0.7988590000000002,3465.4810421168804
Cell3,700,708.5077117739089,96.37992463866932,4.1923428,2.6999826,2.6999826,4.1923428,3.7372740067246375,40.059967,40.571751,39.897713,40.821388,0.7614209999999986,3448.430360108614
Cell3,800,705.5725275613336,95.98064481643516,4.192944,2.6999826,2.6999826,4.192944,3.7376619203725263,40.059967,40.609188,39.897713,40.821388,0.7614209999999986,3434.3668073415756
Cell3,900,703.2127351410794,95.65963685583363,4.193305,2.7001431,2.7001431,4.193305,3.7379814723422897,40.047501,40.521809,39.872738,40.858826,0.8113250000000036,3422.9703091084957
Cell3,1000,700.8922491815016,95.34397584298559,4.1930647,2.6999426,2.6999426,4.1930647,3.7380772909756814,40.047501,40.521809,39.885246,40.833893,0.7863920000000064,3411.8161249905825
Cell3,1100,698.6703028506131,95.0417194012229,4.192904,2.7002232,2.7002232,4.192904,3.7379785055833086,40.072475,40.634159,39.960121,40.858826,0.7863510000000034,3401.112350821495
Cell3,1200,696.3460284543626,94.72554303866879,4.1930647,2.7000227,2.7000227,4.1930647,3.738294638012386,40.010063,40.621693,39.947655,40.833893,0.823830000000001,3389.894065260887
Cell3,1300,693.9320435294495,94.3971631477012,4.1930246,2.6999826,2.6999826,4.1930246,3.7381101747041416,40.084942,40.646626,39.92268,40.846359,0.7614170000000016,3378.16597558558
Cell3,1400,691.4782753365478,94.06337144779083,4.1924629,2.7001431,2.7001431,4.1924629,3.7382705975653208,40.047501,40.534309,39.947655,40.833893,0.7863920000000064,3366.2783313542604
Cell3,1600,686.4039761027119,93.37310291630698,4.1916952,2.6999369,2.6999369,4.1916952,3.7384833480705955,40.047501,40.684105,39.947655,40.946209,0.8987080000000063,3341.0129584372044
Cell3,1800,681.1264227231039,92.6551852584601,4.1915751,2.6998568,2.6998568,4.1915751,3.738727382182695,40.072475,40.746513,39.960121,40.933743,0.8612680000000026,3315.5101597309113
Cell3,1900,678.2317768750305,92.26141996267461,4.1916847,2.7000468,2.7000468,4.1916847,3.7389372781410843,39.985092,40.65913,39.897713,40.933743,0.9486509999999981,3301.362358778715
Cell3,2000,675.4148558999498,91.8782277591464,4.1913667,2.699929,2.699929,4.1913667,3.739145391547583,39.997559,40.584217,39.860271,40.883797,0.8862379999999987,3287.679562345147
Cell3,2100,673.3918106771276,91.60302829007071,4.1920886,2.7000494,2.7000494,4.1920886,3.738851358323171,40.047501,40.559284,39.910179,40.808922,0.7614210000000057,3278.077995032072
Cell3,2200,669.9072324045648,91.1290131371992,4.1908011,2.6999252,2.6999252,4.1908011,3.7394899400367874,40.034996,40.684105,39.92268,40.908768,0.8737720000000024,3260.94275303185
Cell3,2300,667.9872304226006,90.86783087587351,4.1917639,2.7001257,2.7001257,4.1917639,3.739289259883184,40.059967,40.684105,39.960121,40.87133,0.8113630000000001,3251.793235167861
Cell3,2400,665.1830232248433,90.48636815655549,4.1912856,2.7001688,2.7001688,4.1912856,3.739795796387774,40.084942,40.734005,39.972588,40.946209,0.8612670000000051,3237.9625618457794
Cell3,2500,663.1787555105219,90.21372303491191,4.1916466,2.6999283,2.6999283,4.1916466,3.739424524798762,40.047501,40.734005,39.997559,40.908768,0.8612670000000051,3228.4272585064173
Cell3,2600,659.6375677156237,89.73200715923126,4.1903639,2.6998887,2.6998887,4.1903639,3.7400269095890413,40.059967,40.721539,39.997559,40.983643,0.9236760000000004,3210.9609581530094
Cell3,2700,658.3707894367438,89.55968441238824,4.1912861,2.6998887,2.6998887,4.1912861,3.739306772747115,40.059967,40.65913,39.972588,40.933743,0.8737759999999994,3205.021883547306
Cell3,2800,655.8547865798171,89.21742678877797,4.1910052,2.7001693,2.7001693,4.1910052,3.739577314182843,40.097408,40.783951,40.02253,40.933743,0.8363349999999983,3192.8066309541464
Cell3,2900,651.9694142612814,88.68889070507598,4.1903639,2.6997683,2.6997683,4.1903639,3.740392109795276,40.034996,40.746513,39.947655,40.958714,0.9237180000000009,3173.9229574799538
Cell3,3000,650.9774306129659,88.55394890038049,4.1910858,2.7001293,2.7001293,4.1910858,3.7398774671712394,40.122375,40.833893,40.034996,40.983643,0.8612680000000026,3169.0697249025106
Cell3,3100,648.7293266569452,88.2481341770394,4.1906042,2.7000492,2.7000492,4.1906042,3.7396266809177217,40.134884,40.734005,40.010063,40.933743,0.7988590000000002,3158.1708803772926
Cell3,3200,645.0933332983059,87.7535216836694,4.1898422,2.7001293,2.7001293,4.1898422,3.740350338096754,40.122375,40.846359,39.985092,41.008617,0.8862420000000029,3140.4109686613083
Cell3,3500,638.1805844078301,86.81316464021255,4.189208,2.7004573,2.7004573,4.189208,3.741950546460746,39.935146,40.65913,39.8353,40.908768,0.9736219999999989,3106.7443639039993
Cell3,3600,637.7480160822042,86.75432138144193,4.1905718,2.6998959,2.6998959,4.1905718,3.741835094301352,39.997559,40.709038,39.910179,40.87133,0.8737709999999979,3104.8842050135136
Cell3,3700,635.89805559061,86.50266702426075,4.1904111,2.7002568,2.7002568,4.1904111,3.7418026638682593,40.034996,41.445522,39.960121,41.495426,1.4604300000000023,3095.8559699356556
Cell3,3800,632.3420224158799,86.01893169760496,4.189569,2.7000163,2.7000163,4.189569,3.743051089253247,40.084942,40.783951,39.972588,41.008617,0.9236750000000029,3078.4681644290686
Cell3,3900,631.7149177351412,85.93362521347534,4.1904111,2.6998158,2.6998158,4.1904111,3.742296189242769,40.109909,40.783951,39.985092,40.958714,0.8488049999999987,3075.4510413855314
Cell3,4000,629.6603428366021,85.65413669049242,4.1902108,2.7000563,2.7000563,4.1902108,3.742026372872514,40.159855,40.821388,40.02253,41.021122,0.861266999999998,3065.4480177909136
Cell3,4100,626.6624752776828,85.24632990927626,4.1889272,2.6998158,2.6998158,4.1889272,3.7424948130733946,40.122375,40.821388,39.997559,40.996151,0.8737759999999994,3050.797564163804
Cell3,4200,625.6675662566968,85.11099015944504,4.1892791,2.6999269,2.6999269,4.1892791,3.7417583175254348,40.059967,40.821388,39.997559,41.021122,0.961154999999998,3045.8581622689962
Cell3,4300,623.802889529931,84.85733391913227,4.1893992,2.6999669,2.6999669,4.1893992,3.74131114361422,40.059967,40.75898,39.960121,40.971176,0.9112089999999995,3036.983285844326
Cell3,4400,621.8625686928474,84.59338763746833,4.1889181,2.6998065,2.6998065,4.1889181,3.7409246448662925,40.072475,40.734005,39.960121,40.983643,0.9111680000000035,3027.5074772536755
Cell3,4500,618.4472051369663,84.1287879208254,4.1876349,2.7001274,2.7001274,4.1876349,3.741844375763612,40.047501,40.783951,39.960121,40.996151,0.9486500000000007,3010.837360471487
Cell3,4600,617.397062827596,83.98593466043735,4.1886373,2.6998465,2.6998465,4.1886373,3.741002852444297,40.059967,40.721539,39.92268,40.921234,0.861266999999998,3005.8173313736916
Cell3,4800,613.8286055479532,83.50050925437199,4.1885233,2.7001338,2.7001338,4.1885233,3.7407447326086958,40.047501,40.808922,39.947655,40.946209,0.8987080000000063,2988.490780815482
Cell3,5000,608.9248500447693,82.83344017666217,4.187192,2.7000859,2.7000859,4.187192,3.740507135030344,40.034996,40.846359,39.935146,40.896301,0.8613050000000015,2964.47197124362
Cell3,5100,607.559576722663,82.64771892379628,4.1880345,2.7001259,2.7001259,4.1880345,3.740007885033784,40.047501,40.783951,39.935146,40.896301,0.8488000000000042,2958.118988201022
Cell3,5200,604.4512359157004,82.22488421395765,4.1865549,2.6997695,2.6997695,4.1865549,3.7429520402853265,40.14735,40.883797,40.010063,40.996151,0.8488009999999946,2942.8571719676256
Cell3,5300,604.3593651956008,82.21238682976188,4.1879988,2.7000904,2.7000904,4.1879988,3.7409936730978264,40.122375,40.833893,40.02253,40.983643,0.8612680000000026,2942.5846125930548
Cell3,5400,602.5054696849569,81.96019718293861,4.1878386,2.7002509,2.7002509,4.1878386,3.740819365144804,40.097408,40.771484,40.034996,40.983643,0.8862349999999992,2933.654395490885
Cell3,5500,599.4989362373487,81.55121156106216,4.1861539,2.6998899,2.6998899,4.1861539,3.742674870273973,40.109909,40.908768,40.047501,41.033588,0.9236789999999999,2918.7965601682663
Cell3,5600,599.6266429328138,81.56858379495635,4.1874776,2.6998899,2.6998899,4.1874776,3.7403530804519,40.14735,40.883797,40.072475,41.046093,0.8987429999999961,2919.5246390998363
Cell3,5700,597.9470266185133,81.34010174584942,4.1871567,2.7000103,2.7000103,4.1871567,3.740135687058016,40.134884,40.883797,40.072475,40.996151,0.861266999999998,2911.43163330853
Cell3,5800,595.6181045337796,81.02329314760006,4.1861138,2.7000504,2.7000504,4.1861138,3.740568796139262,40.159855,40.971176,40.072475,41.08353,0.9236750000000029,2899.9353669583797
Cell3,5900,594.1606611276211,80.82503378737518,4.1869159,2.7000904,2.7000904,4.1869159,3.740126041015895,40.109909,40.896301,40.047501,41.08353,0.9736210000000014,2892.9568592458963
Cell3,6000,592.2878485063985,80.57027080272981,4.1867957,2.7001305,2.7001305,4.1867957,3.74001086745234,40.122375,40.858826,40.072475,40.971176,0.8488010000000017,2883.9272763580084
Cell3,6100,589.3378363478698,80.1689739010909,4.1845522,2.7003334,2.7003334,4.1845522,3.741417573772205,40.259705,41.071026,40.14735,41.170914,0.9112090000000066,2869.2587681114674
Cell3,6200,588.8489304022828,80.10246690701301,4.1862369,2.7000127,2.7000127,4.1862369,3.7397453299058907,40.272167,41.046093,40.209759,41.170914,0.8987470000000002,2867.067701742053
Cell3,6300,587.1626914231025,79.87308396165412,4.1858354,2.6998119,2.6998119,4.1858354,3.7397651780419583,40.322113,40.971176,40.197292,41.071026,0.7489130000000017,2858.9293129742146
Cell3,6400,584.8877045881585,79.56361229880251,4.1843519,2.7000127,2.7000127,4.1843519,3.7419580398385404,40.334579,41.145939,40.222263,41.220818,0.8862390000000033,2847.692369297147
Cell3,6500,584.6155005204129,79.52658375684074,4.185956,2.7001729,2.7001729,4.185956,3.7396325827247194,40.272167,41.095997,40.197292,41.220818,0.9486509999999981,2846.526523679495
Cell3,6600,582.9967982685885,79.30638798698429,4.1858759,2.7000127,2.7000127,4.1858759,3.7393798363732396,40.347084,41.108505,40.272167,41.158405,0.8113209999999995,2838.7007363140583
Cell3,6700,582.4711285638903,79.2348799346629,4.1841979,2.7002597,2.7002597,4.1841979,3.7441264661261893,40.259705,41.120972,40.209759,41.208351,0.9486460000000037,2835.9033666551113
Cell3,6800,582.6697890370449,79.26190417323241,4.1862431,2.699939,2.699939,4.1862431,3.740251599436421,40.284672,41.095997,40.184788,41.258255,0.9735829999999979,2837.122732400894
Cell3,6900,581.1245224090237,79.051698019255,4.1859221,2.6998987,2.6998987,4.1859221,3.739895459307665,40.334579,41.08353,40.272167,41.195847,0.8612680000000026,2829.683555290103
Cell3,7000,578.701182313585,78.72204552304225,4.1838369,2.6999791,2.6999791,4.1838369,3.7430351820503724,40.272167,41.18338,40.14735,41.220818,0.9486509999999981,2817.746363952756
Cell3,7100,580.2683002516004,78.93522416069982,4.1884089,2.6998587,2.6998587,4.1884089,3.739330653342766,40.309605,41.095997,40.209759,41.220818,0.9112130000000036,2825.496965646744
Cell3,7200,577.6091745887383,78.57349721442603,4.1856017,2.6997385,2.6997385,4.1856017,3.738228256645345,40.247196,41.108505,40.222263,41.245789,0.9985929999999996,2812.47996725142
Cell3,7300,575.9966217167189,78.35413795877025,4.1856017,2.7000191,2.7000191,4.1856017,3.7378197555238772,40.409492,41.133438,40.297138,41.220818,0.8113260000000011,2804.787592962384
Cell3,7400,574.0759611343926,78.09286610653086,4.1835561,2.699939,2.699939,4.1835561,3.7386637516624956,40.322113,41.133438,40.247196,41.308201,0.9860879999999952,2795.259964093566
Cell3,7500,573.0825077442627,77.95772436949453,4.1852007,2.699939,2.699939,4.1852007,3.7372811741762177,40.35955,41.095997,40.259705,41.18338,0.823830000000001,2790.5027881264687
Cell3,7600,571.5622067833184,77.75091435231484,4.1847191,2.6998587,2.6998587,4.1847191,3.736817873070018,40.322113,41.145939,40.247196,41.195847,0.8737339999999989,2783.155423030257
Cell3,7700,569.8652392499695,77.52007197719242,4.182754,2.7001395,2.7001395,4.182754,3.7382893319164268,40.322113,41.108505,40.222263,41.158405,0.8362920000000003,2774.6773660182953
Cell3,7800,569.3134736610447,77.44501404204922,4.184278,2.699939,2.699939,4.184278,3.736055961067051,40.396988,41.021122,40.222263,41.133438,0.7364499999999978,2772.1176132559776
Cell3,7900,567.8694270267266,77.24857707534093,4.184278,2.7001395,2.7001395,4.184278,3.7356301926996744,40.334579,41.071026,40.23473,41.120972,0.7863930000000039,2765.1848405599594
Cell3,8000,566.4618704545966,77.05710393525766,4.1825538,2.7001395,2.7001395,4.1825538,3.738043379311594,40.309605,41.095997,40.247196,41.220818,0.9112130000000036,2758.154160529375
Cell3,8100,565.8573030034044,76.97486324201383,4.1841578,2.7000992,2.7000992,4.1841578,3.735173707508161,40.23473,41.033588,40.209759,41.120972,0.8862420000000029,2755.375036597252
Cell4,0,734.0756158938327,100.0,4.1898646,2.7001176,2.7001176,4.1898646,3.7346274083916082,40.382145,41.405746,40.307266,41.543034,1.1608889999999974,3573.632960021496
Cell4,100,725.6895677627597,98.85760431902347,4.1918697,2.6997566,2.6997566,4.1918697,3.736600116581777,40.332241,41.343338,40.244858,41.518101,1.1858599999999981,3532.850481569767
Cell4,200,720.520947044064,98.15350509453114,4.1921105,2.6999974,2.6999974,4.1921105,3.7375159082051277,40.319733,41.181042,40.257324,41.505592,1.1858590000000007,3508.2231860607862
Cell4,300,716.8993845363364,97.66015503231475,4.1917963,2.699924,2.699924,4.1917963,3.7382275715554285,40.369678,41.218479,40.244858,41.530567,1.1608889999999974,3489.6679557859898
Cell4,400,711.6089577103882,96.93946267972836,4.1923981,2.7000041,2.7000041,4.1923981,3.739249837334103,40.357212,41.218479,40.182449,41.543034,1.1858220000000017,3464.1983695328236
Cell4,500,707.5381360146926,96.38491194850175,4.1925983,2.7001245,2.7001245,4.1925983,3.740044155194428,40.344707,41.218479,40.219887,41.568005,1.2232979999999998,3444.8876716196537
Cell4,600,703.3674972372165,95.81676356062788,4.1928391,2.699964,2.699964,4.1928391,3.7403159329246938,40.39465,41.218479,40.20742,41.555538,1.160888,3424.0983054041862
Cell4,700,701.7227474914652,95.59270629593468,4.1920543,2.6998613,2.6998613,4.1920543,3.740575061299766,40.369678,41.243454,40.232353,41.592976,1.2232979999999998,3414.179952442646
Cell4,800,698.0057685756904,95.08635806214288,4.1924958,2.6999013,2.6999013,4.1924958,3.741149203472631,40.344707,41.230988,40.232353,41.568005,1.2232979999999998,3396.02485075593
Cell4,900,694.5155634312847,94.61090225502471,4.1924553,2.7000217,2.7000217,4.1924553,3.741600311091393,40.357212,41.243454,40.232353,41.592976,1.2357640000000032,3379.1221663355827
Cell4,1000,690.9174915491741,94.12075222085834,4.1923752,2.6997809,2.6997809,4.1923752,3.742033830449004,40.2948,41.243454,40.232353,41.543034,1.2482339999999965,3361.61219291389
Cell4,1100,687.1888481767409,93.61281498773106,4.1921349,2.6999414,2.6999414,4.1921349,3.7423680812257105,40.419621,41.230988,40.232353,41.617947,1.1983260000000016,3343.7251042574644
Cell4,1200,682.9508147644314,93.0354857153033,4.1920948,2.7000217,2.7000217,4.1920948,3.742558719007519,40.307266,41.143604,40.219887,41.568005,1.260739000000001,3323.122550547123
Cell4,1300,678.9738121475967,92.49371555828859,4.191493,2.6999815,2.6999815,4.191493,3.742936831921331,40.357212,41.230988,40.232353,41.605442,1.2482299999999995,3303.916599601507
Cell4,1400,674.7946724375373,91.92440912451326,4.1912122,2.6999013,2.6999013,4.1912122,3.743126520974125,40.332241,41.28093,40.244858,41.592976,1.2607349999999968,3283.5479211062193
Cell4,1600,667.088694869066,90.8746565647462,4.1900592,2.7000716,2.7000716,4.1900592,3.743960427286726,40.407116,41.305862,40.244858,41.692822,1.2857059999999976,3245.9295574575663
Cell4,1800,659.50607827045,89.8417089453946,4.1899791,2.6999111,2.6999111,4.1899791,3.7446074237383176,40.357212,41.318367,40.269833,41.655388,1.298176000000005,3208.878159150481
Cell4,1900,655.8003460359124,89.33689279916894,4.1898117,2.6999848,2.6999848,4.1898117,3.745126692575188,40.269833,41.268421,40.182449,41.605442,1.335608999999998,3190.938153862953
Cell4,2000,651.8358917402749,88.79683204659777,4.1896167,2.7001908,2.7001908,4.1896167,3.7454377355184367,40.2948,41.28093,40.169945,41.605442,1.3106419999999943,3171.4347694069147
Cell4,2100,649.1322951773172,88.42853258201664,4.1903787,2.6999502,2.6999502,4.1903787,3.745805510886076,40.307266,41.168575,40.232353,41.605442,1.298175999999998,3158.498539030552
Cell4,2200,644.827599194441,87.84212215103744,4.1891279,2.6998622,2.6998622,4.1891279,3.7462496066263142,40.307266,41.28093,40.20742,41.605442,1.298175999999998,3137.5873669981956
Cell4,2300,642.7345700249701,87.55699768645184,4.18997,2.6999424,2.6999424,4.18997,3.746343280920422,40.382145,41.206013,40.244858,41.617947,1.2358019999999996,3127.453776821494
Cell4,2400,639.779528362064,87.15444492500258,4.1889772,2.6999524,2.6999524,4.1889772,3.746515126131621,40.357212,41.305862,40.232353,41.655388,1.298176000000005,3113.205161690712
Cell4,2500,637.9124570016852,86.90010173201892,4.1898999,2.7000327,2.7000327,4.1898999,3.746567551416613,40.332241,41.268421,40.2948,41.642921,1.3106799999999978,3104.19060587883
Cell4,2600,632.8442960173883,86.20968771000761,4.1881351,2.699872,2.699872,4.1881351,3.7471321034728984,40.407116,41.368309,40.269833,41.680355,1.2732389999999967,3079.637560620904
Cell4,2700,631.3567584678583,86.00704679436862,4.1894584,2.699872,2.699872,4.1894584,3.7470364954782043,40.407116,41.343338,40.269833,41.630413,1.2232969999999952,3072.263450548053
Cell4,2800,629.2342766774427,85.71791012445877,4.1894183,2.7000725,2.7000325,4.1894183,3.746920876697128,40.344707,41.368309,40.2948,41.655388,1.3106810000000024,3062.001818418503
Cell4,2900,624.4071835805257,85.06033575576933,4.1874132,2.6999521,2.6999521,4.1874132,3.747674303388158,40.382145,41.318367,40.232353,41.617947,1.2358019999999996,3038.2725667208433
Cell4,3000,624.0241576349928,85.00815775976459,4.1894183,2.699832,2.699832,4.1894183,3.748234877221856,40.444595,41.380775,40.332241,41.642921,1.1983260000000016,3036.9166899472475
Cell4,3100,621.0406372433505,84.60172546218588,4.1888971,2.6999121,2.6999121,4.1888971,3.747897035284392,40.344707,41.318367,40.282299,41.617947,1.2732400000000013,3022.2264759242535
Cell4,3200,617.4298009076539,84.10983658077957,4.1870122,2.7000325,2.7000325,4.1870122,3.748361182967398,40.269833,41.380775,40.269833,41.655388,1.3855550000000036,3004.527758806944
Cell4,3300,616.6100994219123,83.99817213259551,4.1884561,2.6999924,2.6999924,4.1884561,3.7481513866755494,40.307266,41.318367,40.257324,41.592976,1.2857100000000017,3000.588934868574
Cell4,3500,610.0098423460355,83.09904717421638,4.1865754,2.700037,2.700037,4.1865754,3.7505274994949493,40.257324,41.318367,40.132507,41.580509,1.3231850000000023,2968.375762179494
Cell4,3600,609.0845318177422,82.97299605519555,4.1887012,2.700037,2.700037,4.1887012,3.7509272766947728,40.2948,41.206013,40.182449,41.518101,1.2233009999999993,2963.872779160738
Cell4,3700,606.8422394722121,82.66753810277469,4.1885004,2.6999969,2.6999969,4.1885004,3.7510845675126903,40.257324,41.842613,40.244858,42.479256,2.2219320000000025,2953.0089776962996
Cell4,3800,602.1429400557658,82.02737252382077,4.186255,2.7000773,2.7000773,4.186255,3.7520412732605726,40.2948,41.368309,40.244858,41.617947,1.3231469999999987,2930.1103692501783
Cell4,3900,602.2590640433417,82.0431916009106,4.1884203,2.6999969,2.6999969,4.1884203,3.751851739563438,40.332241,41.243454,40.232353,41.580509,1.248267999999996,2930.766823142767
Cell4,4000,600.8081319033984,81.84553728458017,4.1881399,2.700037,2.700037,4.1881399,3.751451802085471,40.382145,41.330833,40.269833,41.592976,1.2108309999999989,2923.8702200353146
Cell4,4100,596.5517044461636,81.2657022696203,4.1861343,2.7001975,2.7001975,4.1861343,3.752189513774104,40.382145,41.418213,40.244858,41.642921,1.260776,2902.9899571090937
Cell4,4200,595.6564765764431,81.14374918327096,4.186789,2.69997,2.69997,4.186789,3.751330100965517,40.332241,41.393242,40.244858,41.630413,1.2981719999999939,2898.819762468338
Cell4,4300,593.6652687461142,80.87249540679122,4.1870699,2.6998897,2.6998897,4.1870699,3.75098004083045,40.344707,41.318367,40.244858,41.580509,1.2358019999999996,2888.9862712472677
Cell4,4400,591.9132492154948,80.63382523539667,4.1871099,2.7000501,2.7000501,4.1871099,3.7504306407702988,40.344707,41.380775,40.244858,41.592976,1.2482690000000005,2880.468675121665
Cell4,4500,588.273065831058,80.13793853031869,4.184864,2.700331,2.700331,4.184864,3.7513666478701113,40.282299,41.405746,40.232353,41.568005,1.2857059999999976,2862.634362280369
Cell4,4600,587.8162290155369,80.07570559332557,4.1865087,2.7001705,2.7001705,4.1865087,3.750453828127184,40.307266,41.268421,40.20742,41.555538,1.248272,2860.477302968502
Cell4,4800,584.5267630762735,79.6275956346181,4.1864891,2.7001913,2.7001913,4.1864891,3.750248307484189,40.357212,41.368309,40.244858,41.580509,1.2232970000000023,2844.584681466222
Cell4,5000,582.3379080207892,79.32941721701475,4.1843858,2.6999323,2.6999323,4.1843858,3.748040742433863,40.2948,41.318367,40.244858,41.493126,1.1983259999999945,2833.8957734405994
Cell4,5100,581.233771613044,79.17900540877062,4.185308,2.7001328,2.7001328,4.185308,3.747003211342756,40.332241,41.293396,40.20742,41.480625,1.148384,2828.7015449255705
Cell5,0,735.336070718255,100.0,4.191287,2.69981,2.69981,4.191287,3.7361050458344947,41.020107,42.042503,40.882942,42.279404,1.2592969999999966,3587.8373589366674
Cell5,100,726.3272216149664,98.77486642339073,4.1925287,2.7000906,2.7000906,4.1925287,3.736630215454033,40.945309,42.092369,40.882942,42.304337,1.359027999999995,3544.4652646780014
Cell5,200,721.6143905718282,98.13395796931003,4.1929693,2.7000103,2.7000103,4.1929693,3.7374258164348566,40.945309,42.042503,40.870476,42.29187,1.3465610000000012,3521.596770733595
Cell5,300,718.1408943344795,97.66158943257336,4.1924939,2.6998551,2.6998551,4.1924939,3.737620761551626,40.932842,42.154701,40.895409,42.429001,1.4961589999999987,3504.225953668356
Cell5,400,713.4979226988899,97.03018131586633,4.1930947,2.7000554,2.7000554,4.1930947,3.7386086422049956,40.945309,42.104836,40.858009,42.329269,1.3839599999999947,3481.5911538898945
Cell5,500,709.9294524799296,96.54489705455237,4.1931748,2.699775,2.699775,4.1931748,3.7388984293710323,40.970242,42.005104,40.882942,42.304337,1.3340949999999978,3464.453648775816
Cell5,600,706.7197517896662,96.1084026653776,4.1929345,2.7001357,2.7001357,4.1929345,3.7391255747609384,40.970242,42.092369,40.92038,42.366669,1.3964270000000027,3449.295674264431
Cell5,700,704.4068227739054,95.79386226570679,4.1924858,2.7000077,2.7000077,4.1924858,3.7393801846938772,40.970242,42.129768,40.845543,42.429001,1.4587590000000006,3428.9923645555973
Cell5,800,701.0295867753294,95.33458437454102,4.1932468,2.7000477,2.7000477,4.1932468,3.739729347773872,40.882942,42.142235,40.858009,42.354202,1.471260000000001,3412.6208279281855
Cell5,900,698.2500120464782,94.9565837786861,4.1930866,2.6998074,2.6998074,4.1930866,3.7397777769479568,40.945309,42.042503,40.858009,42.379135,1.4338259999999963,3399.1705387830734
Cell5,1000,695.5576916850586,94.59044909977801,4.1927662,2.7000477,2.7000477,4.1927662,3.7399765589728453,40.907913,42.05497,40.870476,42.391602,1.4836889999999983,3386.161556839943
Cell5,1100,692.5531943570523,94.18186077565683,4.1929264,2.7000477,2.7000477,4.1929264,3.7403321698784464,40.970242,41.992638,40.882942,42.391602,1.42136,3371.5545248240232
Cell5,1200,689.7775882497999,93.80439988154602,4.1927261,2.6998074,2.6998074,4.1927261,3.7403275745535716,40.858009,41.980171,40.858009,42.404068,1.5460589999999996,3358.132016658783
Cell5,1300,687.1135597869533,93.44211268132143,4.1927261,2.7000878,2.7000878,4.1927261,3.7404329675231547,40.945309,42.092369,40.882942,42.441505,1.4961959999999976,3345.1943177729845
Cell5,1400,684.5275284553019,93.09043248574427,4.1929264,2.6998875,2.6998875,4.1929264,3.7406997516496703,40.957775,42.067436,40.882942,42.429001,1.4712260000000015,3332.6503202319145
Cell5,1600,678.643903735009,92.2903051759897,4.1915417,2.700145,2.700145,4.1915417,3.7409326558850227,40.845543,42.179672,40.845543,42.491367,1.6458239999999975,3303.657166287303
Cell5,1800,672.7264228388298,91.48557368901135,4.1917419,2.7000649,2.7000649,4.1917419,3.741182440567765,40.92038,42.242004,40.808144,42.578632,1.6582519999999974,3274.8953629285097
Cell5,1900,669.6039858041315,91.06094647989752,4.1915174,2.7002008,2.7002008,4.1915174,3.7414659981907388,40.970242,42.192139,40.858009,42.591099,1.6208570000000009,3259.7791604697704
Cell5,2000,666.5615613009338,90.64720035423474,4.1912155,2.7001791,2.7001791,4.1912155,3.741414592608562,40.995174,42.329269,40.845543,42.616032,1.6208579999999984,3245.0693529099226
Cell5,2100,664.112144055915,90.31409861442394,4.1918163,2.7000189,2.7000189,4.1918163,3.741434663771252,40.907913,42.217072,40.870476,42.491367,1.5834539999999961,3233.1888500601053
Cell5,2200,661.1156252944539,89.90659531344564,4.1911683,2.7001321,2.7001321,4.1911683,3.7418099059627328,40.995174,42.279404,40.870476,42.640965,1.6457910000000027,3218.5517638921738
Cell5,2300,659.0852626643066,89.63048174972992,4.1914487,2.7000518,2.7000518,4.1914487,3.7416867358878507,40.995174,42.179672,40.845543,42.466438,1.471263999999998,3208.690682798624
Cell5,2400,655.624570723609,89.15985449798674,4.1906958,2.6998596,2.6998596,4.1906958,3.7420200891951145,40.895409,42.29187,40.82061,42.603565,1.7081560000000025,3191.8137576431036
Cell5,2500,653.572031102383,88.88072503555998,4.1911764,2.6998596,2.6998596,4.1911764,3.7418543738925543,40.970242,42.229538,40.808144,42.478905,1.5086629999999985,3181.8327113986015
Cell5,2600,650.1803326333551,88.4194803606299,4.1906757,2.6998799,2.6998799,4.1906757,3.7421010919166404,40.870476,42.254471,40.783211,42.591099,1.7206230000000033,3165.2381625026464
Cell5,2700,648.6554560316094,88.21210897461097,4.1910362,2.7,2.7,4.1910362,3.742024382146249,40.970242,42.204605,40.82061,42.466438,1.4961959999999976,3157.9139415174723
Cell5,2800,646.3729055045605,87.90169981369229,4.1907558,2.7001202,2.7001202,4.1907558,3.7419264810038118,40.882942,42.29187,40.845543,42.491367,1.6084249999999969,3146.822299808264
Cell5,2900,643.0682540069614,87.4522928514619,4.1901951,2.6999199,2.6999199,4.1901951,3.7426246183588763,40.92038,42.379135,40.870476,42.665897,1.7455169999999995,3130.7843662798405
Cell5,3000,642.1361759560308,87.32553746871288,4.1905956,2.69996,2.69996,4.1905956,3.7419390665920713,40.932842,42.266937,40.783211,42.453972,1.5211299999999994,3126.132782176137
Cell5,3100,639.8080244546916,87.00892692911768,4.1903553,2.6998398,2.6998398,4.1903553,3.7419644779204106,40.932842,42.316803,40.82061,42.541233,1.6083909999999975,3114.8861423134804
Cell5,3200,636.6188012020026,86.57521731256456,4.1895542,2.7000401,2.7000401,4.1895542,3.742262110577233,40.982708,42.404068,40.808144,42.690872,1.7081639999999965,3099.3533559143543
Cell5,3300,635.56538229874,86.43196051540599,4.1903553,2.7001603,2.7001603,4.1903553,3.7417947207687337,40.945309,42.29187,40.858009,42.578632,1.6333229999999972,3094.3280160427094
Cell5,3500,629.1525594045581,85.5598663601556,4.1885929,2.7002003,2.7002003,4.1885929,3.7443558510929855,40.945309,42.491367,40.82061,42.740738,1.7954289999999986,3063.143564388156
Cell5,3600,628.5798251580507,85.48197894658861,4.1906357,2.6998799,2.6998799,4.1906357,3.744379572501633,40.932842,42.404068,40.845543,42.603565,1.6707230000000024,3060.4568660259247
Cell5,3700,626.4541623919168,85.1929053038313,4.1903954,2.7000401,2.7000401,4.1903954,3.74420325491481,40.907913,42.616032,40.833076,42.616032,1.7081189999999964,3050.072844699025
Cell5,3800,622.7429618448283,84.68821082536465,4.1896343,2.7001603,2.7001603,4.1896343,3.7457782360039564,40.858009,42.404068,40.808144,42.728271,1.8702619999999968,3031.9187689572573
Cell5,3900,622.2255140708279,84.61784194307998,4.1901951,2.7,2.7,4.1901951,3.7449103127020784,40.870476,42.366669,40.845543,42.603565,1.7330890000000068,3029.4500939548016
Cell5,4000,620.054371370107,84.32258338210661,4.1898746,2.7001202,2.7001202,4.1898746,3.7447671485761584,40.970242,42.404068,40.82061,42.616032,1.645789999999998,3018.822481110692
Cell5,4100,616.9927457990417,83.90622606019872,4.1884727,2.7000401,2.7000401,4.1884727,3.745129098302829,40.907913,42.466438,40.82061,42.728271,1.8203579999999988,3003.896762430668
Cell5,4200,616.0030105030721,83.77162973949832,4.188848,2.6997745,2.6997745,4.188848,3.744075120726424,40.882942,42.441505,40.845543,42.678364,1.795422000000002,2999.1141591221094
Cell5,4300,614.4130100238918,83.55540201145729,4.1894889,2.7000549,2.7000549,4.1894889,3.743602671934514,40.957775,42.503834,40.858009,42.591099,1.6333240000000018,2991.479740664363
Cell5,4400,612.4443360817295,83.28767763065282,4.1890082,2.6999748,2.6999748,4.1890082,3.743490080221253,40.895409,42.379135,40.82061,42.591099,1.695689999999999,2981.8737275898457
Cell5,4500,609.5275837131619,82.89102194018486,4.1870856,2.7000949,2.7000949,4.1870856,3.744071793230044,40.932842,42.616032,40.833076,42.753204,1.8203619999999958,2967.649966478348
Cell5,4600,608.9826949116347,82.81692129107688,4.1885676,2.6999748,2.6999748,4.1885676,3.742916880687563,40.895409,42.478905,40.858009,42.578632,1.6832229999999981,2965.091782808304
Cell5,4800,605.3543107357652,82.32348919650748,4.188324,2.7000518,2.7000518,4.188324,3.742726255612072,40.907913,42.5163,40.82061,42.603565,1.6956520000000026,2947.4376037716866
Cell5,5000,456.1288635874498,62.0299862540289,4.131485,2.699975,2.699975,4.131485,3.6647352543204317,41.057507,42.665897,41.057507,42.753204,1.6956969999999956,2220.915372669697
Cell6,0,732.7947554512294,100.0,4.1898103,2.6999252,2.6999252,4.1898103,3.735102905507165,40.629677,41.815693,40.554764,42.090382,1.4607049999999973,3557.6821513473988
Cell6,100,724.683839133562,98.89315306129981,4.1920967,2.6999655,2.6999655,4.1920967,3.7371221435511366,40.704556,41.765751,40.692089,42.202736,1.498180000000005,3518.690298870206
Cell6,200,719.9780780561117,98.25098674631948,4.192297,2.6998851,2.6998851,4.192297,3.737817741852487,40.829414,41.940556,40.791973,42.102848,1.2734340000000017,3496.096597239375
Cell6,300,716.7605490247803,97.81191031906666,4.1918526,2.6999218,2.6999218,4.1918526,3.7380129856978748,40.816948,42.077877,40.704556,42.327557,1.5106090000000023,3480.23076094687
Cell6,400,711.6736520202331,97.11773272476675,4.1927752,2.7001626,2.7001626,4.1927752,3.7392418363899336,40.816948,41.915581,40.729527,42.302624,1.485676000000005,3455.5027820169926
Cell6,500,707.7770533721924,96.58598783725847,4.1925745,2.7000422,2.7000422,4.1925745,3.739532180633905,40.891823,41.828201,40.80444,42.215202,1.3233789999999956,3437.0580822229385
Cell6,600,704.24917843416,96.10456041003022,4.1925745,2.7000823,2.7000823,4.1925745,3.7399484800935396,40.979244,41.928047,40.816948,42.240173,1.2609289999999973,3419.5123113691807
Cell6,700,702.8095879125638,95.90810833243452,4.1923704,2.7000387,2.7000387,4.1923704,3.7401160835039486,40.791973,41.977989,40.71706,42.40247,1.6104970000000023,3417.7739582955837
Cell6,800,698.8143263731588,95.36289952605533,4.1927314,2.6999583,2.6999583,4.1927314,3.740653928352941,40.779472,41.953018,40.704556,42.352524,1.5730520000000041,3398.2100430876017
Cell6,900,696.0256867891575,94.98235100776195,4.1927314,2.7001188,2.7001188,4.1927314,3.7410202101004137,40.841919,41.965523,40.754498,42.340057,1.4981380000000044,3384.7055599093437
Cell6,1000,692.8134515610182,94.54399699332015,4.1926913,2.6999583,2.6999583,4.1926913,3.741050367428063,40.80444,41.928047,40.754498,42.340057,1.535617000000002,3369.1207721829414
Cell6,1100,689.8064009492865,94.13364326338932,4.1924906,2.6999583,2.6999583,4.1924906,3.741422008432658,40.879356,41.878143,40.779472,42.327557,1.4482009999999974,3354.5695938169956
Cell6,1200,686.8602393222861,93.73159867927023,4.1926112,2.7001188,2.7001188,4.1926112,3.7415882415320163,40.904327,41.928047,40.767006,42.302624,1.3982969999999995,3340.3126806020737
Cell6,1300,683.7786761748114,93.31107668118672,4.1919694,2.7003596,2.7003596,4.1919694,3.7416769045085663,40.929302,41.990498,40.754498,42.31509,1.385787999999998,3325.363777577877
Cell6,1400,680.8693882005513,92.91406401800674,4.1922498,2.6999984,2.6999984,4.1922498,3.741781341110776,40.86689,41.965523,40.80444,42.390003,1.5231130000000022,3311.2588550895452
Cell6,1600,674.4000038665567,92.03122686805868,4.1912017,2.7000732,2.7000732,4.1912017,3.742303634318805,40.829414,42.065411,40.742031,42.477386,1.6479720000000029,3279.716559872031
Cell6,1800,669.1830335504253,91.31929896773971,4.1908407,2.6999528,2.6999528,4.1908407,3.7421004651719896,40.791973,42.140285,40.754498,42.489887,1.6979140000000044,3254.051158949733
Cell6,1900,666.0073376705458,90.88593125375763,4.1907463,2.7000191,2.7000191,4.1907463,3.7427244393827164,40.816948,42.140285,40.779472,42.514862,1.6979140000000044,3238.8519555330276
Cell6,2000,662.6077744153612,90.4220137338934,4.1904416,2.7000356,2.7000356,4.1904416,3.7428916392369724,40.854385,42.127819,40.816948,42.552299,1.6979139999999973,3222.3535537719727
Cell6,2100,660.0615587268948,90.07454731583769,4.1912842,2.6999552,2.6999552,4.1912842,3.7431311657116164,40.879356,42.127819,40.791973,42.539795,1.6604389999999967,3209.8800748586655
Cell6,2200,656.3749726963332,89.57146156049663,4.1900492,2.7000041,2.7000041,4.1900492,3.743186041358798,40.891823,42.152794,40.816948,42.514862,1.6230389999999986,3192.042764648795
Cell6,2300,654.4088374134284,89.30315515296861,4.1909318,2.6998436,2.6998436,4.1909318,3.743237223586683,40.86689,42.177765,40.816948,42.602242,1.735351999999999,3182.3791176080704
Cell6,2400,650.3692897362026,88.7519028893333,4.1902709,2.6999447,2.6999447,4.1902709,3.7439311666561315,40.841919,42.16526,40.80444,42.527328,1.685409,3162.8947634249926
Cell6,2500,648.4450826764289,88.48931816892427,4.1907921,2.6998243,2.6998243,4.1907921,3.743615523866878,40.86689,42.140285,40.80444,42.527328,1.6604379999999992,3153.379747644067
Cell6,2600,644.3100797990757,87.92503972034189,4.1893959,2.6997921,2.6997921,4.1893959,3.7440695952153105,40.80444,42.16526,40.742031,42.489887,1.6854470000000035,3133.442760631442
Cell6,2700,643.5074922832472,87.81551553094805,4.1903186,2.7000327,2.7000327,4.1903186,3.743774560236346,40.841919,42.115353,40.80444,42.514862,1.6729430000000036,3129.4037763029337
Cell6,2800,641.3314137706706,87.51855946018078,4.1898775,2.6998723,2.6998723,4.1898775,3.7437482775641024,40.904327,42.127819,40.816948,42.514862,1.6105349999999987,3118.800735846162
Cell6,2900,637.279799374644,86.96566052553545,4.189075,2.700073,2.700073,4.189075,3.744326651467269,40.929302,42.265144,40.841919,42.602242,1.672939999999997,3099.025958776474
Cell6,3000,636.6215899044223,86.87583872136379,4.1899576,2.7001131,2.7001131,4.1899576,3.744268932353891,40.86689,42.077877,40.779472,42.477386,1.6104960000000048,3095.94121389091
Cell6,3100,633.9956139734056,86.51748791283492,4.1896768,2.7001131,2.7001131,4.1896768,3.7437951734846027,40.841919,42.215202,40.829414,42.514862,1.6729430000000036,3083.132391795516
Cell6,3200,630.1612188131205,85.99423155329342,4.1884737,2.6998322,2.6998322,4.1884737,3.744446497097195,40.879356,42.215202,40.829414,42.564766,1.6854099999999974,3064.3837608397007
Cell6,3300,629.0775840845405,85.84635457675682,4.1893559,2.6998723,2.6998723,4.1893559,3.744095896765763,40.916794,42.202736,40.879356,42.552299,1.6355049999999949,3059.27705951035
Cell6,3500,622.9330971371867,85.00785417788727,4.1878262,2.700027,2.700027,4.1878262,3.746699054833388,40.954269,42.31509,40.916794,42.627216,1.6729470000000006,3029.517162591219
Cell6,3600,622.4655750181377,84.94405430547125,4.1898317,2.7001474,2.7001474,4.1898317,3.7465678953780124,40.941769,42.252678,40.916794,42.577271,1.6355020000000025,3027.1350994706154
Cell6,3700,620.3313260135905,84.65280645077927,4.1895509,2.6999469,2.6999469,4.1895509,3.7468767168323396,40.979244,42.290115,40.891823,42.901863,1.9226189999999974,3016.6748866438866
Cell6,3800,616.1640442853969,84.08412310565522,4.1878662,2.6999869,2.6999869,4.1878662,3.747928493729152,40.954269,42.252678,40.879356,42.614708,1.6604390000000038,2996.362967044115
Cell6,3900,615.9681421137119,84.05738953936975,4.1893101,2.700027,2.700027,4.1893101,3.7474045690023354,40.929302,42.265144,40.904327,42.564766,1.635463999999999,2995.5035369843245
Cell6,4000,613.5031779021912,83.72101101138712,4.1893101,2.700027,2.700027,4.1893101,3.7472264640871016,40.941769,42.277649,40.904327,42.589737,1.6479679999999988,2983.5721392184496
Cell6,4100,609.6173818637355,83.19074028966739,4.1875453,2.700027,2.700027,4.1875453,3.7478552375252865,40.979244,42.40247,40.879356,42.589737,1.6104929999999982,2964.555364474654
Cell6,4200,609.0230988884279,83.10964214166799,4.188108,2.7001884,2.7001884,4.188108,3.7470605608504894,40.979244,42.277649,40.891823,42.539795,1.5605509999999967,2961.868565529585
Cell6,4300,607.3699490541111,82.88404693618664,4.1883883,2.6999075,2.6999075,4.1883883,3.7464506414551604,40.954269,42.31509,40.891823,42.527328,1.5730590000000007,2953.6615893244743
Cell6,4400,605.5915026358235,82.64135327536854,4.188148,2.7000279,2.7000279,4.188148,3.745876819647099,41.004215,42.290115,40.916794,42.46492,1.4607049999999973,2945.055792108178
Cell6,4500,601.5582612949864,82.09096159873141,4.1865435,2.6999478,2.6999478,4.1865435,3.746941780936112,40.954269,42.340057,40.916794,42.577271,1.6230020000000067,2925.392159074545
Cell6,4600,586.0442340937907,79.97385758211726,4.1870646,2.7001483,2.7001483,4.1870646,3.7451019338828484,41.041653,42.352524,40.904327,42.539795,1.4981420000000014,2849.9551210552454
Cell6,4800,586.3836032445917,80.02016920597598,4.1871247,2.6998072,2.6998072,4.1871247,3.742337811076061,40.954269,42.327557,40.891823,42.539795,1.5855260000000015,2851.6622833907604
Cell6,5000,579.0231519723749,79.01573362323433,4.1859331,2.7000194,2.7000194,4.1859331,3.74339966457224,40.979244,42.340057,40.941769,42.527328,1.5480839999999958,2815.9601636230946
Cell7,0,728.7460724569092,100.0,4.1922407,2.6998887,2.6998887,4.1922407,3.7355735516502118,40.612656,41.685497,40.475449,41.959953,1.3472969999999975,3543.4367649257183
Cell7,100,720.3477780451694,98.84756916995441,4.1933227,2.6998887,2.6998887,4.1933227,3.73609677739726,40.699997,41.772804,40.612656,42.022324,1.3223269999999943,3502.875719591975
Cell7,200,716.2137717431438,98.28029252061505,4.1932425,2.7000489,2.7000489,4.1932425,3.7364890379626976,40.650093,41.722939,40.625122,42.009857,1.3597639999999984,3483.3770122379065
Cell7,300,713.9550899355027,97.97035166563025,4.1929045,2.6999109,2.6999109,4.1929045,3.736449420270659,40.774834,41.860146,40.587723,42.134598,1.3597639999999984,3471.500351652503
Cell7,400,710.350491252628,97.47572139328834,4.1934652,2.7001114,2.7001114,4.1934652,3.737120698408565,40.699997,41.772804,40.637627,42.109627,1.40963,3454.3793823570013
Cell7,500,707.6044991402621,97.09891083935862,4.1934652,2.7000313,2.7000313,4.1934652,3.7372796886145805,40.737396,41.772804,40.650093,42.122131,1.3847350000000063,3441.3160756230354
Cell7,600,705.1038567303704,96.75576766447179,4.1935453,2.699991,2.699991,4.1935453,3.7374968915768,40.799767,41.822708,40.72493,42.159531,1.3597639999999984,3429.321099445224
Cell7,700,705.0077744360792,96.74258305903479,4.1929674,2.7000945,2.7000945,4.1929674,3.737089165928301,40.699997,41.835175,40.650093,42.147064,1.447066999999997,3429.202753677964
Cell7,800,702.2042278220113,96.35787476076348,4.1934485,2.7000945,2.7000945,4.1934485,3.737683450599941,40.749901,41.772804,40.66256,42.159531,1.40963,3415.7076247036457
Cell7,900,700.1065200427925,96.07002308533056,4.1932883,2.7000945,2.7000945,4.1932883,3.7377013802759027,40.737396,41.71043,40.687492,42.147064,1.4096680000000035,3405.595327913761
Cell7,1000,698.0250408537157,95.78439832963764,4.1936488,2.7000544,2.7000544,4.1936488,3.737810133264645,40.824738,41.747871,40.72493,42.134598,1.3098599999999934,3395.557341724634
Cell7,1100,695.9609703262058,95.50116242545623,4.1934085,2.7001345,2.7001345,4.1934085,3.737759433274284,40.799767,41.772804,40.749901,42.171997,1.3722299999999947,3385.6552328914404
Cell7,1200,694.0032339821371,95.23251791153542,4.1931682,2.7000945,2.7000945,4.1931682,3.737735300740083,40.824738,41.835175,40.699997,42.122131,1.2973929999999996,3376.322966068983
Cell7,1300,692.0996562801377,94.97130515527567,4.1931682,2.7001345,2.7001345,4.1931682,3.7376252486791333,40.7873,41.822708,40.66256,42.184505,1.3972049999999996,3367.0548912137747
Cell7,1400,690.2711085194838,94.72038815829083,4.193048,2.6998942,2.6998942,4.193048,3.7377049626785714,40.737396,41.847679,40.687492,42.184505,1.4471090000000046,3358.139429613948
Cell7,1600,686.4617323634372,94.19765790971418,4.1925979,2.7002058,2.7002058,4.1925979,3.737878938323353,40.774834,41.872612,40.625122,42.246872,1.4720380000000048,3338.869759440422
Cell7,1800,682.4584052490438,93.64831332101589,4.1925578,2.7000856,2.7000856,4.1925578,3.7377687387834984,40.7873,41.897583,40.637627,42.234371,1.447071000000001,3319.654957205057
Cell7,1900,680.1674774869656,93.33394761138611,4.1922894,2.6999373,2.6999373,4.1922894,3.737813605891239,40.7873,41.910049,40.687492,42.271805,1.4845049999999986,3308.3277605473995
Cell7,2000,677.9978592043389,93.03622823221855,4.1923566,2.700165,2.700165,4.1923566,3.7381955649893905,40.887108,41.897583,40.762367,42.35915,1.4720420000000018,3297.776158154011
Cell7,2100,676.4506853791333,92.82392193189239,4.1929979,2.6999247,2.6999247,4.1929979,3.7378812616038886,40.774834,41.959953,40.737396,42.29678,1.5219459999999998,3290.637381747365
Cell7,2200,673.9377403666314,92.47909056916136,4.1920786,2.700007,2.700007,4.1920786,3.7378528207317077,40.887108,41.997353,40.737396,42.35915,1.4720420000000018,3278.134562820196
Cell7,2300,672.468531256646,92.27748274367667,4.1928802,2.700047,2.700047,4.1928802,3.7376162816070884,40.812271,41.897583,40.749901,42.334179,1.5219079999999963,3271.2660022079945
Cell7,2400,669.8150416123352,91.91336556423656,4.1921048,2.6998732,2.6998732,4.1921048,3.7377426929754605,40.7873,41.97242,40.699997,42.29678,1.5094799999999964,3258.0149576067924
Cell7,2500,668.3161981719089,91.70769125639802,4.1927462,2.6999533,2.6999533,4.1927462,3.73739492662158,40.749901,41.860146,40.66256,42.246872,1.496971000000002,3251.065618917346
Cell7,2600,665.2058399162529,91.28088164833115,4.1917067,2.6999156,2.6999156,4.1917067,3.737879757275255,40.72493,41.959953,40.625122,42.221905,1.496974999999999,3235.604155808687
Cell7,2700,663.9368706189983,91.10675113220002,4.1922278,2.7000358,2.7000358,4.1922278,3.7375660891674407,40.7873,41.934982,40.687492,42.271805,1.4845049999999986,3229.756048321724
Cell7,2800,662.0301297966885,90.84510432621704,4.1921072,2.6999557,2.6999557,4.1921072,3.737303177746741,40.712463,41.897583,40.699997,42.309246,1.596783000000002,3220.456390455365
Cell7,2900,658.9018480706211,90.41583522353487,4.1915865,2.6999958,2.6999958,4.1915865,3.738060471655753,40.887108,42.047256,40.737396,42.371616,1.4845080000000053,3205.1877547055483
Cell7,3000,657.9000267184718,90.27836328508975,4.1923079,2.7001162,2.7001162,4.1923079,3.737412813054341,40.687492,41.922516,40.637627,42.221905,1.5344130000000007,3200.3540854901075
Cell7,3100,655.9158499218208,90.00609055915085,4.1918669,2.6999156,2.6999156,4.1918669,3.737340275438597,40.7873,41.922516,40.699997,42.271805,1.4845049999999986,3190.694833919406
Cell7,3200,652.8250279489034,89.58196175904673,4.1912255,2.6997955,2.6997955,4.1912255,3.7377887895498896,40.812271,41.997353,40.737396,42.321712,1.5094409999999954,3175.587160885334
Cell7,3300,651.8482504032085,89.44792638203238,4.1915064,2.7002764,2.7002764,4.1915064,3.7374331387767974,40.874641,42.03479,40.749901,42.35915,1.4845090000000027,3170.949326455593
Cell7,3500,647.4990219249642,88.85111651332444,4.190742,2.699913,2.699913,4.190742,3.7393352676293237,40.862137,42.122131,40.837204,42.45892,1.596783000000002,3149.459360539913
Cell7,3600,646.8315112267524,88.75951935439069,4.1918645,2.7000735,2.7000735,4.1918645,3.73892154364676,40.862137,42.072227,40.824738,42.409054,1.5469170000000005,3146.5855579823256
Cell7,3700,645.304202881158,88.54993903508341,4.1919446,2.7000735,2.7000735,4.1919446,3.738751783412926,40.799767,42.022324,40.762367,42.858112,2.0583449999999957,3139.1401045024395
Cell7,3800,642.4368996081984,88.1564819200018,4.1914234,2.7000735,2.7000735,4.1914234,3.7397655613687237,40.824738,42.122131,40.7873,42.384079,1.5593409999999963,3125.0459544360638
Cell7,3900,641.9201636369663,88.08557437198718,4.1918244,2.6999931,2.6999931,4.1918244,3.7390584337708064,40.824738,41.997353,40.762367,42.42152,1.5967819999999975,3122.6183876395226
Cell7,4000,640.2204043260972,87.85232998479775,4.1916237,2.6998329,2.6998329,4.1916237,3.7385348939345318,40.824738,41.934982,40.762367,42.446453,1.6217149999999947,3114.3065437674522
Cell7,4100,637.2624875981344,87.44643870939225,4.1909022,2.7000332,2.7000332,4.1909022,3.739120465559497,40.874641,42.09716,40.737396,42.371616,1.4969750000000062,3099.7999638319016
Cell7,4200,636.4617755194159,87.33656338944454,4.1907272,2.7000985,2.7000985,4.1907272,3.738269055828221,40.824738,42.059723,40.712463,42.35915,1.5344119999999961,3095.711361989379
Cell7,4300,634.8833453988138,87.11996803747502,4.1910477,2.699858,2.699858,4.1910477,3.737836476148867,40.824738,42.059723,40.7873,42.409054,1.584315999999994,3088.3464250713587
Cell7,4400,633.3857813411086,86.91446928910354,4.1906471,2.6999781,2.6999781,4.1906471,3.737397919364256,40.812271,42.084694,40.774834,42.42152,1.6092489999999984,3081.0795966535807
Cell7,4500,630.5555548837211,86.52609992913627,4.189805,2.6999781,2.6999781,4.189805,3.737911029488433,40.824738,42.159531,40.799767,42.42152,1.5967819999999975,3067.202554643154
Cell7,4600,630.0056152500645,86.45063610786275,4.1904464,2.7000182,2.7000182,4.1904464,3.7373494873776902,40.924549,42.122131,40.799767,42.42152,1.496971000000002,3064.6316573023796
Cell7,4800,626.7490104275444,86.0037582521042,4.1904368,2.7001288,2.7001288,4.1904368,3.7371098971803285,40.837204,42.059723,40.7873,42.409054,1.5718499999999977,3048.771322891116
Cell7,5000,623.0463727946269,85.49567487809242,4.1890211,2.6998756,2.6998756,4.1890211,3.7363958576846965,40.924549,42.196972,40.824738,42.433987,1.509438000000003,3030.502964928746
Cell7,5100,621.9010570358344,85.33851234890976,4.1897826,2.6999958,2.6999958,4.1897826,3.7359844926660064,40.874641,42.171997,40.837204,42.371616,1.4969750000000062,3025.3368996083736
Cell7,5200,618.8233159558885,84.91617853521667,4.1893349,2.6999488,2.6999488,4.1893349,3.7370904711487385,40.400574,42.03479,40.363174,42.271805,1.8712310000000016,3010.0723676383495
Cell7,5300,618.954853098738,84.93422832619612,4.1896558,2.6999888,2.6999888,4.1896558,3.735459040092931,40.600189,41.934982,40.438007,42.134598,1.5344089999999966,3011.1409295350313
Cell7,5400,617.5276695204672,84.73838732859608,4.1895752,2.6998284,2.6998284,4.1895752,3.7351233388888896,40.537819,41.934982,40.400574,42.047256,1.5094369999999984,3004.115902259946
Cell7,5500,614.2925687191706,84.29446029782805,4.1887736,2.7002294,2.7002294,4.1887736,3.736660314648829,40.438007,42.109627,40.375641,42.271805,1.8337980000000016,2988.22876252234
Cell7,5600,614.5690801391297,84.33240375034326,4.1891747,2.6999488,2.6999488,4.1891747,3.7350538535272477,40.562752,41.847679,40.425541,42.109627,1.546875,2989.795149117708
Cell7,5700,613.1146593468561,84.13282520752242,4.1890945,2.6999087,2.6999087,4.1890945,3.734838902144772,40.500381,41.897583,40.450474,42.047256,1.546875,2982.6525304466486
Cell7,5800,611.3462823719076,83.8901649666258,4.188333,2.6999488,2.6999488,4.188333,3.734874418655462,40.450474,42.047256,40.413074,42.221905,1.7714309999999998,2973.9057663828135
Cell7,5900,610.0332969423896,83.70999446840392,4.1886134,2.700109,2.700109,4.1886134,3.734399539642977,40.512848,41.872612,40.438007,42.134598,1.6217499999999987,2967.717779427767
Cell7,6000,608.8085860090601,83.54193717387876,4.1883731,2.7000289,2.7000289,4.1883731,3.7342206190010123,40.562752,41.910049,40.400574,42.072227,1.5094749999999948,2961.6975646466017
Cell7,6100,606.0533887321608,83.16386346878004,4.1868582,2.7000372,2.7000372,4.1868582,3.7354378449643946,40.500381,42.09716,40.375641,42.309246,1.8088650000000044,2947.9007575660944
Cell7,6200,605.9034227150879,83.1432848306589,4.1884212,2.7002778,2.7002778,4.1884212,3.734047191759918,40.537819,41.910049,40.425541,42.09716,1.5593410000000034,2947.5882064551115
Cell7,6300,604.6515080966797,82.97149459181925,4.1883411,2.6999972,2.6999972,4.1883411,3.733737012606184,40.500381,41.885078,40.400574,42.047256,1.546875,2941.4421927183867
Cell7,6400,601.8397427911003,82.58565850818869,4.1868982,2.6999571,2.6999571,4.1868982,3.735509483817003,40.475449,42.109627,40.388107,42.259338,1.783889000000002,2927.6195660233498
Cell7,6500,602.0161384365811,82.60986387301296,4.1880608,2.7001173,2.7001173,4.1880608,3.7341795645392493,40.587723,42.371616,40.550285,42.508823,1.9211000000000027,2928.6608196794987
Cell7,6600,600.7270194675835,82.4329683784477,4.1879406,2.6999972,2.6999972,4.1879406,3.7336287211696306,40.612656,42.446453,40.600189,42.471424,1.8587679999999978,2922.349015250802
Cell7,6700,598.7575378921711,82.16271216028758,4.1873169,2.7002153,2.7002153,4.1873169,3.73757435295127,40.625122,42.633564,40.575214,42.770813,2.1456909999999993,2912.261562421918
Cell7,6800,599.0486078144938,82.20265335974288,4.1884394,2.699975,2.699975,4.1884394,3.7349000895061724,40.762367,42.483891,40.575214,42.633564,1.8711970000000022,2914.167033880949
Cell7,6900,597.851621443797,82.0384004853965,4.1884794,2.7000551,2.7000551,4.1884794,3.7343468207560138,40.575214,42.409054,40.575214,42.546261,1.9710469999999987,2908.293639868498
Cell7,7000,594.991572602095,81.64593883794507,4.1867962,2.7000551,2.7000551,4.1867962,3.7364472924723757,40.675026,42.733372,40.525352,42.795746,2.1207199999999986,2894.151360914111
Cell7,7100,597.1592893788655,81.94339728865923,4.1912851,2.6998947,2.6998947,4.1912851,3.7345590190295943,40.66256,42.496357,40.587723,42.608631,1.9460710000000034,2904.7547634691
Cell7,7200,593.9663081994765,81.50524999702112,4.1877179,2.7000151,2.7000151,4.1877179,3.733025657627119,40.874641,42.52129,40.774834,42.608631,1.7339900000000057,2889.4792679697275
Cell7,7300,592.768780769216,81.3409228773945,4.1875176,2.699975,2.699975,4.1875176,3.7324703862045063,40.637627,42.471424,40.625122,42.533794,1.8961669999999984,2883.4844704717398
Cell7,7400,590.6981891224568,81.05679213212979,4.1858745,2.7000151,2.7000151,4.1858745,3.7325759172521744,40.562752,42.471424,40.537819,42.583698,2.020945999999995,2873.2595711946487
Cell7,7500,589.9650195246209,80.95618512709109,4.1871166,2.7002153,2.7002153,4.1871166,3.7319394663880177,40.637627,42.284271,40.537819,42.433987,1.79636,2869.8002960532904
Cell7,7600,588.6221542203064,80.77191445242562,4.1871967,2.7000551,2.7000551,4.1871967,3.7314717239092494,40.587723,42.309246,40.587723,42.409054,1.8213310000000007,2863.309906795621
Cell7,7700,586.5107416551988,80.48218217874226,4.1849523,2.6998546,2.6998546,4.1849523,3.732554210476524,40.575214,42.646069,40.537819,42.646069,2.0708549999999946,2852.854361012578
Cell7,7800,586.0648501349624,80.42099604860874,4.1865554,2.7001753,2.7001753,4.1865554,3.731105744985975,40.600189,42.29678,40.562752,42.35915,1.7589609999999993,2850.8935187011957
Cell7,7900,584.9615834635077,80.26960357966067,4.186636,2.6997344,2.6997344,4.186636,3.730628698524763,40.600189,42.284271,40.550285,42.35915,1.7589609999999993,2845.498728007078
Cell7,8000,582.8396748034193,79.978431010739,4.1845918,2.7000551,2.7000551,4.1845918,3.7320140919633413,40.612656,42.571194,40.512848,42.633564,2.0209079999999986,2835.018961876631
Cell7,8100,582.8069570864598,79.97394141989302,4.1861548,2.7000952,2.7000952,4.1861548,3.7303868834978844,40.600189,42.409054,40.600189,42.433987,1.8337980000000016,2834.972542896867
Cell8,0,727.5279508776244,100.0,4.1901021,2.7000058,2.7000058,4.1901021,3.7347793772226927,39.86935,41.192108,39.844418,41.466637,1.5972870000000015,3541.056150197983
Cell8,100,720.0435691727091,98.97125853434403,4.1925478,2.6996851,2.6996851,4.1925478,3.7366211339132915,39.969196,41.242008,39.881855,41.529045,1.559849000000007,3504.7437138855457
Cell8,300,713.4368676427137,98.06315575670837,4.1924791,2.7000573,2.7000573,4.1924791,3.7373421266551525,39.919292,41.254517,39.906788,41.603924,1.6846320000000006,3472.860161215067
Cell8,400,709.5431372565274,97.52795564769686,4.1931205,2.6998568,2.6998568,4.1931205,3.7378844368451523,39.969196,41.279449,39.906788,41.578953,1.6097570000000019,3453.5147722810507
Cell8,500,706.6031208953756,97.12384521350596,4.1932807,2.7002575,2.7002575,4.1932807,3.7381321737866897,39.981663,41.254517,39.931759,41.578953,1.597290000000001,3439.6656822413206
Cell8,600,703.9271830937772,96.75603284308495,4.1932406,2.6999769,2.6999769,4.1932406,3.738330281126021,39.981663,41.379295,39.95673,41.603924,1.6222610000000017,3426.647698134184
Cell8,700,702.8268331586339,96.60478780379594,4.1926818,2.7002196,2.7002196,4.1926818,3.738140283016662,39.906788,41.291954,39.894321,41.666294,1.7595060000000018,3419.829358533025
Cell8,800,699.6604835476685,96.16956746523083,4.1930022,2.7001796,2.7001796,4.1930022,3.738521251086319,40.031605,41.291954,39.906788,41.61639,1.5847850000000037,3404.461246356368
Cell8,900,697.5051870107625,95.87331815490454,4.193203,2.699899,2.699899,4.193203,3.7383967483510014,39.95673,41.167133,39.894321,41.628857,1.6721270000000032,3393.996738642454
Cell8,1000,695.446358352956,95.5903285247023,4.1930022,2.7000995,2.7000995,4.1930022,3.738756322481536,39.981663,41.204575,39.931759,41.653828,1.6721649999999997,3383.929965645075
Cell8,1100,693.3844109134182,95.30691021245045,4.1933632,2.7000995,2.7000995,4.1933632,3.7385218008886256,39.981663,41.242008,39.969196,41.653828,1.6721649999999997,3374.08594340086
Cell8,1200,691.3525594293859,95.02762864236352,4.1929221,2.699899,2.699899,4.1929221,3.7385998730540706,40.006638,41.242008,39.944225,41.641361,1.634723000000001,3364.210468903184
Cell8,1300,689.3511783582153,94.75253528426556,4.1929622,2.7000995,2.7000995,4.1929622,3.7387321993146596,40.056538,41.229542,39.981663,41.691265,1.634726999999998,3354.5389965176582
Cell8,1400,687.4919010955946,94.49697434528336,4.1930022,2.699939,2.699939,4.1930022,3.738810219480131,40.031605,41.279449,39.994171,41.678761,1.6471560000000025,3345.543883368373
Cell8,1600,683.6927504525519,93.97477438877864,4.1922894,2.6999078,2.6999078,4.1922894,3.73892257328726,40.006638,41.391762,39.931759,41.741169,1.734530999999997,3326.891962811351
Cell8,1800,679.848343976271,93.44635393817696,4.1921291,2.7001483,2.7001483,4.1921291,3.738615351359517,40.006638,41.404228,39.981663,41.778606,1.771968000000001,3308.133555203676
Cell8,1900,677.445316785953,93.11605361261292,4.1920338,2.6996922,2.6996922,4.1920338,3.738813773044269,40.093979,41.391762,39.969196,41.778606,1.684627000000006,3296.332563087344
Cell8,2000,675.2706367701213,92.81714000892136,4.1919985,2.6999779,2.6999779,4.1919985,3.7390022540006083,40.081512,41.416733,40.019104,41.816048,1.7345360000000056,3285.6151599437
Cell8,2100,673.7840156124403,92.61280130882224,4.1924396,2.7000179,2.7000179,4.1924396,3.7387757885060977,40.069046,41.366829,40.006638,41.753635,1.6845890000000026,3278.519593924284
Cell8,2200,671.1616689531791,92.25235513543498,4.1917133,2.6999731,2.6999731,4.1917133,3.739006007713499,40.11895,41.341858,39.969196,41.803581,1.684631000000003,3265.77676422894
Cell8,2300,669.7381704212172,92.05669275157129,4.1921945,2.7000535,2.7000535,4.1921945,3.7387442931595096,40.056538,41.391762,39.944225,41.716198,1.6596599999999953,3258.916622400284
Cell8,2400,666.3400254420031,91.58961173081946,4.1913996,2.7001805,2.7001805,4.1913996,3.7388067599568435,40.081512,41.429199,39.969196,41.778606,1.697094000000007,3242.435762286186
Cell8,2500,664.4188097638958,91.32553724738692,4.1922011,2.6998999,2.6998999,4.1922011,3.7384728764451314,40.031605,41.341858,39.95673,41.728703,1.697098000000004,3233.1420488655567
Cell8,2600,660.65981312422,90.8088565294652,4.1911836,2.6999648,2.6999648,4.1911836,3.7392041627798513,39.969196,41.429199,39.919292,41.76614,1.7969440000000034,3214.8581609129906
Cell8,2700,659.2901306798706,90.62059126176007,4.1917048,2.6999648,2.6999648,4.1917048,3.738578508068536,40.006638,41.366829,39.944225,41.728703,1.7220650000000006,3208.1506837159395
Cell8,2800,656.7032675046592,90.26502235583818,4.1914644,2.6998847,2.6998847,4.1914644,3.73867380925868,40.031605,41.379295,39.944225,41.741169,1.7095640000000003,3195.5794282257557
Cell8,2900,652.6045603641833,89.70164783042901,4.1905823,2.6998847,2.6998847,4.1905823,3.739650589235128,40.093979,41.504078,39.981663,41.853481,1.7595020000000048,3175.5001567304134
Cell8,3000,651.5216355353732,89.55279790273843,4.1915045,2.6999247,2.6999247,4.1915045,3.739202304823455,40.006638,41.429199,39.919292,41.753635,1.7469970000000004,3170.477321371436
Cell8,3100,649.2333106060079,89.23826360524446,4.1912236,2.7001252,2.7001252,4.1912236,3.7388705260993356,40.093979,41.491611,39.95673,41.753635,1.6596560000000053,3159.215272217989
Cell8,3200,645.7033994370321,88.75307108931189,4.1902213,2.7000449,2.7000449,4.1902213,3.739361838231552,40.093979,41.479103,39.981663,41.865948,1.7719690000000057,3142.0143596827984
Cell8,3300,644.6697350407342,88.61099209495147,4.1910233,2.6998847,2.6998847,4.1910233,3.738776559573113,40.069046,41.504078,40.006638,41.76614,1.6970939999999999,3137.0791621506214
Cell8,3500,639.1331897895914,87.84998418529466,4.1898923,2.7000363,2.7000363,4.1898923,3.740963429305913,40.031605,41.516544,39.969196,41.853481,1.8218760000000032,3110.085967183113
Cell8,3600,638.4180527239549,87.75168733432504,4.191175,2.6999161,2.6999161,4.191175,3.7409049905727154,40.056538,41.541512,40.019104,41.828514,1.771975999999995,3106.5548054873943
Cell8,3700,636.1130349142321,87.43485857098445,4.1908946,2.6999161,2.6999161,4.1908946,3.7409360048111076,40.11895,41.491611,40.019104,41.903389,1.784438999999999,3095.421763882041
Cell8,3800,632.0343069341329,86.87423021640659,4.1898923,2.6999562,2.6999562,4.1898923,3.742552523399415,40.131416,41.529045,39.969196,41.853481,1.7220650000000006,3075.5833581089973
Cell8,3900,631.3156809755113,86.77545381094276,4.1907344,2.6998761,2.6998761,4.1907344,3.741399383669486,40.093979,41.553978,40.006638,41.791073,1.6970939999999999,3072.1190437674522
Cell8,4000,629.1404956210293,86.47647074756244,4.1903734,2.6999962,2.6999962,4.1903734,3.741168401077375,40.11895,41.529045,39.994171,41.791073,1.6721229999999991,3061.645020917058
Cell8,4100,625.4674043331942,85.97159787176375,4.1890903,2.6999161,2.6999161,4.1890903,3.741772444794745,39.994171,41.578953,39.994171,41.853481,1.8593100000000007,3043.686367571354
Cell8,4200,624.585982483317,85.85044488392131,4.1893058,2.6999311,2.6999311,4.1893058,3.740675687931602,39.994171,41.578953,39.994171,41.803581,1.8094099999999997,3039.427961781621
Cell8,4300,622.6337554192608,85.58210783079485,4.1895065,2.7000513,2.7000513,4.1895065,3.7403117826789836,40.056538,41.603924,40.006638,41.791073,1.734534999999994,3029.871093481779
Cell8,4400,620.4760864495748,85.28553242539866,4.1893458,2.7000113,2.7000113,4.1893458,3.7398456344587885,40.093979,41.641361,39.994171,41.778606,1.684627000000006,3019.3798810243607
Cell8,4500,616.9983768202243,84.80751510315622,4.1874619,2.7002518,2.7002518,4.1874619,3.7407399139480693,40.093979,41.628857,40.006638,41.841015,1.7470360000000014,3002.4051692336798
Cell8,4600,616.3392972988486,84.71692346051476,4.1888647,2.6998911,2.6998911,4.1888647,3.7397197081639457,40.11895,41.553978,40.006638,41.76614,1.647190000000002,2999.189928174019
Cell8,4800,612.2732738059557,84.15804136011052,4.1885591,2.6997459,2.6997459,4.1885591,3.739748949077491,39.994171,41.666294,39.994171,41.778606,1.784435000000002,2979.502175375819
Cell8,5000,607.3262718804694,83.47806722035153,4.1869845,2.7000952,2.7000952,4.1869845,3.7392376614474125,40.044071,41.591419,40.006638,41.828514,1.784442999999996,2955.342559888959
Cell8,5100,605.9417256364678,83.2877588971687,4.187706,2.7000551,2.7000551,4.187706,3.7390533857288135,40.106445,41.628857,40.006638,41.778606,1.6721610000000027,2948.7137988209724
Cell8,5200,601.8903820841234,82.73089458048408,4.1863036,2.7000561,2.7000561,4.1863036,3.7416400710238906,39.557419,41.30442,39.519981,41.504078,1.9466589999999968,2928.942169994116
Cell8,5300,601.934788576745,82.73699833121529,4.1878672,2.7000158,2.7000158,4.1878672,3.739097184408052,39.64476,41.242008,39.569885,41.429199,1.784438999999999,2929.230812564492
Cell8,5400,600.0077753818733,82.47212696887834,4.1874261,2.7000158,2.7000158,4.1874261,3.739085680931188,39.657227,41.266983,39.607323,41.45417,1.7969429999999988,2919.929424673319
Cell8,5500,596.3490335138482,81.96922644614084,4.1854615,2.6999357,2.6999357,4.1854615,3.7412079444559225,39.619789,41.429199,39.582352,41.553978,1.9341890000000035,2902.048370987177
Cell8,5600,596.2266060789286,81.95239857928405,4.1869049,2.7000961,2.7000961,4.1869049,3.7386906455046502,39.594818,41.279449,39.569885,41.404228,1.8094100000000068,2901.4978509396315
Cell8,5700,594.340960205607,81.69321322825431,4.1868248,2.7000961,2.7000961,4.1868248,3.7386270994471316,39.707134,41.416733,39.657227,41.479103,1.7719689999999986,2892.4636613577604
Cell8,5800,592.0146001761711,81.37345093917256,4.1851811,2.7000158,2.7000158,4.1851811,3.738504059833507,39.694668,41.391762,39.582352,41.516544,1.8218760000000032,2881.037762761116
Cell8,5900,590.4843031513402,81.16310891410191,4.1868248,2.7000158,2.7000158,4.1868248,3.738185770434783,39.669693,41.379295,39.557419,41.404228,1.734535000000001,2873.5920879989862
Cell8,6000,588.5823764392428,80.90168573306768,4.1864638,2.6998956,2.6998956,4.1864638,3.7381246489881366,39.594818,41.379295,39.557419,41.416733,1.8219150000000042,2864.4435055553913
Cell8,6100,585.2882372464059,80.44890049108994,4.1837678,2.6999257,2.6999257,4.1837678,3.7398167215438596,39.632256,41.479103,39.594818,41.566486,1.9342299999999994,2848.35076443851
Cell8,6200,585.1320387309231,80.4274307296472,4.1862936,2.7000458,2.7000458,4.1862936,3.7381455188838184,39.719635,41.329391,39.607323,41.416733,1.697098000000004,2847.6033233106136
Cell8,6300,583.2241106854588,80.16518265475705,4.1859727,2.7000861,2.7000861,4.1859727,3.737805538169014,39.719635,41.341858,39.519981,41.404228,1.6845930000000067,2838.32173012197
Cell8,6400,579.8709863302748,79.7042897981817,4.1828456,2.7000861,2.7000861,4.1828456,3.740246419582153,39.694668,41.591419,39.607323,41.61639,1.9217220000000026,2822.0415629446507
Cell8,6500,580.3408685542026,79.76887593859885,4.1857324,2.6999657,2.6999657,4.1857324,3.7381658,39.969196,41.603924,39.906788,41.716198,1.747002000000002,2824.2641519755125
Cell8,6600,578.5533542486776,79.52317894463886,4.1854916,2.7000058,2.7000058,4.1854916,3.7379352030883926,40.031605,41.653828,39.944225,41.741169,1.7095640000000003,2815.5857741832733
Cell8,6700,578.0345206396925,79.45186435000929,4.1842146,2.7001719,2.7001719,4.1842146,3.744264557726465,39.919292,41.791073,39.881855,41.903389,1.9840969999999984,2813.0501713603735
Cell8,6800,577.7142932865601,79.4078485355315,4.1858582,2.7002521,2.7002521,4.1858582,3.739466122111625,40.019104,41.728703,39.944225,41.828514,1.8094099999999997,2811.5027647465467
Cell8,6900,576.4201292408752,79.22996340491574,4.1858582,2.6998513,2.6998513,4.1858582,3.7386817352333455,39.994171,41.728703,39.95673,41.853481,1.8593100000000007,2805.300786718726
Cell8,7000,573.0210856189168,78.76275886413376,4.1832123,2.7000518,2.7000518,4.1832123,3.74294383609319,39.969196,41.903389,39.919292,41.940826,1.9716300000000047,2788.549368828535
Cell8,7100,574.6346477946778,78.98454583105573,4.1891456,2.7000918,2.7000918,4.1891456,3.7386811463187994,39.969196,41.753635,39.906788,41.853481,1.8842850000000055,2796.5991642326117
Cell8,7200,571.4523631333856,78.5471351917183,4.1853371,2.6998112,2.6998112,4.1853371,3.736830236112109,39.994171,41.703732,39.919292,41.803581,1.8094099999999997,2781.093404442072
Cell8,7300,569.8082029910108,78.32114248031918,4.1850162,2.7000115,2.7000115,4.1850162,3.736494877621621,40.006638,41.816048,39.981663,41.841015,1.8343769999999964,2773.116833344102
Cell8,7400,567.5662622753906,78.012983774813,4.18225,2.6999314,2.6999314,4.18225,3.736765582416787,39.769543,41.666294,39.744568,41.728703,1.9591600000000042,2762.0891623198986
Cell8,7500,566.657307630317,77.8880463557108,4.1842947,2.7000518,2.7000518,4.1842947,3.735530901123596,39.844418,41.61639,39.794514,41.653828,1.8094099999999997,2757.718425616622
Cell8,7600,565.3637467862752,77.71024413622474,4.1842146,2.7002923,2.7002923,4.1842146,3.7352430592081367,39.856884,41.61639,39.819447,41.703732,1.8468480000000014,2751.4628671109676
Cell8,7700,562.9671093293153,77.38082209078047,4.1811676,2.7000115,2.7000115,4.1811676,3.7365321754834007,39.819447,41.728703,39.744568,41.778606,1.9591590000000068,2739.689766615629
Cell8,7800,562.6004974372796,77.33043063962131,4.1840138,2.7000518,2.7000518,4.1840138,3.7342924375912405,39.894321,41.529045,39.757076,41.641361,1.7470400000000055,2738.013654202223
Cell8,7900,561.1111478911845,77.12571691772258,4.1837735,2.6999314,2.6999314,4.1837735,3.7343474233162515,39.831913,41.703732,39.782009,41.716198,1.8842849999999984,2730.725894495845
Cell8,8000,558.1610835707194,76.72022537380234,4.1804457,2.6999714,2.6999714,4.1804457,3.7366520384473874,39.782009,41.741169,39.757076,41.841015,2.0590059999999966,2716.425569728017
Cell8,8100,558.9581404180535,76.82978224324943,4.1833725,2.7000918,2.7000918,4.1833725,3.7336214842027924,39.831913,41.603924,39.719635,41.653828,1.821914999999997,2720.202274248004
